Unnamed: 0,Name,Fueltype,Technology,Set,Country,Capacity,Efficiency,Duration,Volume_Mm3,DamHeight_m,StorageCapacity_MWh,DateIn,DateRetrofit,DateMothball,DateOut,lat,lon,EIC,projectID
0,BR-3 1,Nuclear,Steam Turbine,PP,BE,10.0,,,0,0,0,1962.0,1962.0,,1987,51.32472222,4.258747222,,
1,Doel 1,Nuclear,Steam Turbine,PP,BE,433.0,,,0,0,0,1975.0,1975.0,,2025,52.32472222,4.258747222,,
2,Doel 2,Nuclear,Steam Turbine,PP,BE,433.0,,,0,0,0,1975.0,1975.0,,2025,51.32472222,4.258747222,,
3,Doel 3,Nuclear,Steam Turbine,PP,BE,1006.0,,,0,0,0,1982.0,1982.0,,2022,51.32472222,4.258747222,,
4,Doel 4,Nuclear,Steam Turbine,PP,BE,1038.0,,,0,0,0,1985.0,1985.0,,2025,51.32472222,4.258747222,,
5,Tihange 1,Nuclear,Steam Turbine,PP,BE,962.0,,,0,0,0,1975.0,1975.0,,2025,50.53462778,5.272533333,,
6,Tihange 2,Nuclear,Steam Turbine,PP,BE,1038.0,,,0,0,0,1983.0,1983.0,,2024,50.53462778,5.272533333,,
7,Tihange 3,Nuclear,Steam Turbine,PP,BE,1038.0,,,0,0,0,1985.0,1985.0,,2025,50.53462778,5.272533333,,
8,Kosloduj 1,Nuclear,Steam Turbine,PP,BG,408.0,,,0,0,0,1974.0,1974.0,,2002,43.74613889,23.77050556,,
9,Kosloduj 2,Nuclear,Steam Turbine,PP,BG,408.0,,,0,0,0,1975.0,1975.0,,2002,43.74613889,23.77050556,,
10,Kosloduj 3,Nuclear,Steam Turbine,PP,BG,408.0,,,0,0,0,1981.0,1981.0,,2006,43.74613889,23.77050556,,
11,Kosloduj 4,Nuclear,Steam Turbine,PP,BG,408.0,,,0,0,0,1982.0,1982.0,,2006,43.74613889,23.77050556,,
12,Kosloduj 5,Nuclear,Steam Turbine,PP,BG,963.0,,,0,0,0,1988.0,1988.0,,2051,43.74613889,23.77050556,,
13,Kosloduj 6,Nuclear,Steam Turbine,PP,BG,1003.0,,,0,0,0,1993.0,1993.0,,2051,43.74613889,23.77050556,,
14,Biblis  A,Nuclear,Steam Turbine,PP,DE,135.0,,,0,0,0,1974.0,1974.0,,2011,49.71,8.415277778,,
15,Biblis  B,Nuclear,Steam Turbine,PP,DE,135.0,,,0,0,0,1976.0,1976.0,,2011,49.71,8.415277778,,
16,Brokdorf  –,Nuclear,Steam Turbine,PP,DE,135.0,,,0,0,0,1986.0,1986.0,,2021,53.85083333,9.344722222,,
17,Brunsbüttel  –,Nuclear,Steam Turbine,PP,DE,135.0,,,0,0,0,1976.0,1976.0,,2011,53.89166667,9.201666667,,
18,Emsland  –,Nuclear,Steam Turbine,PP,DE,1335.0,,,0,0,0,1988.0,1988.0,,2024,52.47423056,7.317858333,,
19,Grafenrheinfeld  –,Nuclear,Steam Turbine,PP,DE,135.0,,,0,0,0,1981.0,1981.0,,2015,49.98408611,10.18466944,,
20,Greifswald  1,Nuclear,Steam Turbine,PP,DE,135.0,,,0,0,0,1973.0,1973.0,,1990,54.14058611,13.66442222,,
21,Greifswald  2,Nuclear,Steam Turbine,PP,DE,135.0,,,0,0,0,1974.0,1974.0,,1990,54.14058611,13.66442222,,
22,Greifswald  3,Nuclear,Steam Turbine,PP,DE,135.0,,,0,0,0,1977.0,1977.0,,1990,54.14058611,13.66442222,,
23,Greifswald  4,Nuclear,Steam Turbine,PP,DE,135.0,,,0,0,0,1979.0,1979.0,,1990,54.14058611,13.66442222,,
24,Greifswald  5,Nuclear,Steam Turbine,PP,DE,0.0,,,0,0,0,1989.0,1989.0,,1989,54.14058611,13.66442222,,
25,Grohnde  –,Nuclear,Steam Turbine,PP,DE,135.0,,,0,0,0,1984.0,1984.0,,2021,52.03527778,9.413333333,,
26,Großwelzheim  –,Nuclear,Steam Turbine,PP,DE,135.0,,,0,0,0,1969.0,1969.0,,1971,50.05814167,8.987130556,,
27,Gundremmingen  A,Nuclear,Steam Turbine,PP,DE,135.0,,,0,0,0,1966.0,1966.0,,1977,48.51472222,10.40222222,,
28,Gundremmingen  B,Nuclear,Steam Turbine,PP,DE,135.0,,,0,0,0,1984.0,1984.0,,2017,48.51472222,10.40222222,,
29,Gundremmingen  C,Nuclear,Steam Turbine,PP,DE,135.0,,,0,0,0,1984.0,1984.0,,2021,48.51472222,10.40222222,,
30,Hamm-Uentrop  –,Nuclear,Steam Turbine,PP,DE,135.0,,,0,0,0,1985.0,1985.0,,1988,51.67929722,7.971558333,,
31,Isar  2,Nuclear,Steam Turbine,PP,DE,1410.0,,,0,0,0,1988.0,1988.0,,2024,48.60560556,12.29315,,
32,Jülich  –,Nuclear,Steam Turbine,PP,DE,135.0,,,0,0,0,1967.0,1967.0,,1988,50.90293611,6.421208333,,
33,Kahl  –,Nuclear,Steam Turbine,PP,DE,135.0,,,0,0,0,1961.0,1961.0,,1985,50.05911944,8.987272222,,
34,Karlsruhe  –,Nuclear,Steam Turbine,PP,DE,135.0,,,0,0,0,1978.0,1978.0,,1991,49.099344,8.4328866,,
35,Krümmel  –,Nuclear,Steam Turbine,PP,DE,135.0,,,0,0,0,1983.0,1983.0,,2011,53.41,10.40888889,,
36,Lingen  –,Nuclear,Steam Turbine,PP,DE,135.0,,,0,0,0,1968.0,1968.0,,1979,52.48277778,7.300555556,,
37,Mülheim-Kärlich  –,Nuclear,Steam Turbine,PP,DE,135.0,,,0,0,0,1986.0,1986.0,,1988,50.40777778,7.489722222,,
38,Neckarwestheim  2,Nuclear,Steam Turbine,PP,DE,1310.0,,,0,0,0,1989.0,1989.0,,2024,49.04111111,9.175,,
39,Niederaichbach  –,Nuclear,Steam Turbine,PP,DE,135.0,,,0,0,0,1973.0,1973.0,,1974,48.60462778,12.30398611,,
40,Obrigheim  –,Nuclear,Steam Turbine,PP,DE,135.0,,,0,0,0,1968.0,1968.0,,2005,49.36453611,9.076272222,,
41,Philippsburg  1,Nuclear,Steam Turbine,PP,DE,135.0,,,0,0,0,1979.0,1979.0,,2011,49.25272222,8.436436111,,
42,Philippsburg  2,Nuclear,Steam Turbine,PP,DE,135.0,,,0,0,0,1984.0,1984.0,,2019,49.25272222,8.436436111,,
43,Rheinsberg  –,Nuclear,Steam Turbine,PP,DE,135.0,,,0,0,0,1966.0,1966.0,,1990,53.14699167,12.99015,,
44,Stade  –,Nuclear,Steam Turbine,PP,DE,135.0,,,0,0,0,1972.0,1972.0,,2003,53.62,9.530833333,,
45,Unterweser  –,Nuclear,Steam Turbine,PP,DE,135.0,,,0,0,0,1978.0,1978.0,,2011,53.4277,8.480197222,,
46,Würgassen  –,Nuclear,Steam Turbine,PP,DE,135.0,,,0,0,0,1971.0,1971.0,,1994,51.63916667,9.391388889,,
47,Unterweser  –,Nuclear,Steam Turbine,PP,DE,1345.0,,,0,0,0,1978.0,1978.0,,2011,53.4277,8.480197222,,
48,Würgassen  –,Nuclear,Steam Turbine,PP,DE,640.0,,,0,0,0,1971.0,1971.0,,1994,51.63916667,9.391388889,,
49,Loviisa 1,Nuclear,Steam Turbine,PP,FI,507.0,,,0,0,0,1977.0,1977.0,,2027,60.37222222,26.34722222,,
50,Loviisa 2,Nuclear,Steam Turbine,PP,FI,507.0,,,0,0,0,1981.0,1981.0,,2030,60.37222222,26.34722222,,
51,Olkiluoto 1,Nuclear,Steam Turbine,PP,FI,880.0,,,0,0,0,1979.0,1979.0,,2039,61.23666667,21.44222222,,
52,Olkiluoto 2,Nuclear,Steam Turbine,PP,FI,890.0,,,0,0,0,1982.0,1982.0,,2042,61.23666667,21.44222222,,
53,Olkiluoto 3,Nuclear,Steam Turbine,PP,FI,1600.0,,,0,0,0,2022.0,,,2051,61.23666667,21.44222222,,
54,Belleville 1,Nuclear,Steam Turbine,PP,FR,1310.0,,,0,0,0,1987.0,1987.0,,2047,47.51027778,2875.0,,
55,Belleville 2,Nuclear,Steam Turbine,PP,FR,1310.0,,,0,0,0,1988.0,1988.0,,2048,47.51027778,2875.0,,
56,Blayais 1,Nuclear,Steam Turbine,PP,FR,910.0,,,0,0,0,1981.0,1981.0,,2041,47.51027778,2875.0,,
57,Blayais 2,Nuclear,Steam Turbine,PP,FR,910.0,,,0,0,0,1982.0,1982.0,,2042,47.51027778,2875.0,,
58,Blayais 3,Nuclear,Steam Turbine,PP,FR,910.0,,,0,0,0,1983.0,1983.0,,2043,47.51027778,2875.0,,
59,Blayais 4,Nuclear,Steam Turbine,PP,FR,910.0,,,0,0,0,1983.0,1983.0,,2043,47.51027778,2875.0,,
60,Brennilis  –,Nuclear,Steam Turbine,PP,FR,70.0,,,0,0,0,1967.0,1967.0,,1985,47.51027778,2875.0,,
61,Bugey 1,Nuclear,Steam Turbine,PP,FR,540.0,,,0,0,0,1972.0,1972.0,,1994,45.79722222,5.27,,
62,Bugey 2,Nuclear,Steam Turbine,PP,FR,910.0,,,0,0,0,1978.0,1978.0,,2038,45.79722222,5.27,,
63,Bugey 3,Nuclear,Steam Turbine,PP,FR,910.0,,,0,0,0,1978.0,1978.0,,2038,45.79722222,5.27,,
64,Bugey 4,Nuclear,Steam Turbine,PP,FR,880.0,,,0,0,0,1979.0,1979.0,,2039,45.79722222,5.27,,
65,Bugey 5,Nuclear,Steam Turbine,PP,FR,880.0,,,0,0,0,1979.0,1979.0,,2039,45.79722222,5.27,,
66,Cattenom 1,Nuclear,Steam Turbine,PP,FR,1300.0,,,0,0,0,1986.0,1986.0,,2046,49.41555556,6.216666667,,
67,Cattenom 2,Nuclear,Steam Turbine,PP,FR,1300.0,,,0,0,0,1987.0,1987.0,,2047,49.41555556,6.216666667,,
68,Cattenom 3,Nuclear,Steam Turbine,PP,FR,1300.0,,,0,0,0,1990.0,1990.0,,2050,49.41555556,6.216666667,,
69,Cattenom 4,Nuclear,Steam Turbine,PP,FR,1300.0,,,0,0,0,1991.0,1991.0,,2051,49.41555556,6.216666667,,
70,Chinon A1,Nuclear,Steam Turbine,PP,FR,70.0,,,0,0,0,1963.0,1963.0,,1973,47.23055556,0.170555556,,
71,Chinon A2,Nuclear,Steam Turbine,PP,FR,180.0,,,0,0,0,1965.0,1965.0,,1985,47.23055556,0.170555556,,
72,Chinon A3,Nuclear,Steam Turbine,PP,FR,360.0,,,0,0,0,1966.0,1966.0,,1990,47.23055556,0.170555556,,
73,Chinon B1,Nuclear,Steam Turbine,PP,FR,905.0,,,0,0,0,1982.0,1982.0,,2042,47.23055556,0.170555556,,
74,Chinon B2,Nuclear,Steam Turbine,PP,FR,905.0,,,0,0,0,1983.0,1983.0,,2043,47.23055556,0.170555556,,
75,Chinon B3,Nuclear,Steam Turbine,PP,FR,905.0,,,0,0,0,1986.0,1986.0,,2046,47.23055556,0.170555556,,
76,Chinon B4,Nuclear,Steam Turbine,PP,FR,905.0,,,0,0,0,1987.0,1987.0,,2047,47.23055556,0.170555556,,
77,Chooz  A,Nuclear,Steam Turbine,PP,FR,305.0,,,0,0,0,1967.0,1967.0,,1991,50.09,4.789444444,,
78,Chooz  B1,Nuclear,Steam Turbine,PP,FR,1.5,,,0,0,0,1996.0,1996.0,,2056,50.09,4.789444444,,
79,Chooz  B2,Nuclear,Steam Turbine,PP,FR,1.5,,,0,0,0,1997.0,1997.0,,2057,50.09,4.789444444,,
80,Civaux 1,Nuclear,Steam Turbine,PP,FR,1495.0,,,0,0,0,1997.0,1997.0,,2057,46.45611111,0.654166667,,
81,Civaux 2,Nuclear,Steam Turbine,PP,FR,1495.0,,,0,0,0,1999.0,1999.0,,2059,46.45611111,0.654166667,,
82,Cruas 1,Nuclear,Steam Turbine,PP,FR,915.0,,,0,0,0,1983.0,1983.0,,2043,44.63388889,4.753888889,,
83,Cruas 2,Nuclear,Steam Turbine,PP,FR,915.0,,,0,0,0,1984.0,1984.0,,2044,44.63388889,4.753888889,,
84,Cruas 3,Nuclear,Steam Turbine,PP,FR,915.0,,,0,0,0,1984.0,1984.0,,2044,44.63388889,4.753888889,,
85,Cruas 4,Nuclear,Steam Turbine,PP,FR,915.0,,,0,0,0,1984.0,1984.0,,2044,44.63388889,4.753888889,,
86,Dampierre 1,Nuclear,Steam Turbine,PP,FR,890.0,,,0,0,0,1980.0,1980.0,,2040,47.73361111,2.5175,,
87,Dampierre 2,Nuclear,Steam Turbine,PP,FR,890.0,,,0,0,0,1980.0,1980.0,,2040,47.73361111,2.5175,,
88,Dampierre 3,Nuclear,Steam Turbine,PP,FR,890.0,,,0,0,0,1981.0,1981.0,,2041,47.73361111,2.5175,,
89,Dampierre 4,Nuclear,Steam Turbine,PP,FR,890.0,,,0,0,0,1981.0,1981.0,,2041,47.73361111,2.5175,,
90,Fessenheim 1,Nuclear,Steam Turbine,PP,FR,880.0,,,0,0,0,1977.0,1977.0,,2020,47.90361111,7.5625,,
91,Fessenheim 2,Nuclear,Steam Turbine,PP,FR,880.0,,,0,0,0,1977.0,1977.0,,2020,47.90361111,7.5625,,
92,Flamanville 1,Nuclear,Steam Turbine,PP,FR,1330.0,,,0,0,0,1985.0,1985.0,,2045,47.90361111,7.5625,,
93,Flamanville 2,Nuclear,Steam Turbine,PP,FR,1330.0,,,0,0,0,1986.0,1986.0,,2046,47.90361111,7.5625,,
94,Flamanville 3,Nuclear,Steam Turbine,PP,FR,1.6,,,0,0,0,2024.0,,,2084,47.90361111,7.5625,,
95,Golfech 1,Nuclear,Steam Turbine,PP,FR,1310.0,,,0,0,0,1990.0,1990.0,,2050,44.11111111,0.840277778,,
96,Golfech 2,Nuclear,Steam Turbine,PP,FR,1310.0,,,0,0,0,1993.0,1993.0,,2053,44.11111111,0.840277778,,
97,Gravelines 1,Nuclear,Steam Turbine,PP,FR,910.0,,,0,0,0,1980.0,1980.0,,2040,51.01361111,2.136111111,,
98,Gravelines 2,Nuclear,Steam Turbine,PP,FR,910.0,,,0,0,0,1980.0,1980.0,,2040,51.01361111,2.136111111,,
99,Gravelines 3,Nuclear,Steam Turbine,PP,FR,910.0,,,0,0,0,1980.0,1980.0,,2040,51.01361111,2.136111111,,
100,Gravelines 4,Nuclear,Steam Turbine,PP,FR,910.0,,,0,0,0,1981.0,1981.0,,2041,51.01361111,2.136111111,,
101,Gravelines 5,Nuclear,Steam Turbine,PP,FR,910.0,,,0,0,0,1984.0,1984.0,,2044,51.01361111,2.136111111,,
102,Gravelines 6,Nuclear,Steam Turbine,PP,FR,910.0,,,0,0,0,1985.0,1985.0,,2045,51.01361111,2.136111111,,
103,Marcoule G-2,Nuclear,Steam Turbine,PP,FR,38.0,,,0,0,0,1959.0,1959.0,,1980,44.15,4.716666667,,
104,Marcoule G-3,Nuclear,Steam Turbine,PP,FR,0.0,,,0,0,0,1960.0,1960.0,,1984,44.15,4.716666667,,
105,Nogent 1,Nuclear,Steam Turbine,PP,FR,1310.0,,,0,0,0,1987.0,1987.0,,2047,48.51611111,3.517777778,,
106,Nogent 2,Nuclear,Steam Turbine,PP,FR,1310.0,,,0,0,0,1988.0,1988.0,,2048,48.51611111,3.517777778,,
107,Paluel 1,Nuclear,Steam Turbine,PP,FR,1330.0,,,0,0,0,1984.0,1984.0,,2044,49.85805556,0.635555556,,
108,Paluel 2,Nuclear,Steam Turbine,PP,FR,1330.0,,,0,0,0,1984.0,1984.0,,2044,49.85805556,0.635555556,,
109,Paluel 3,Nuclear,Steam Turbine,PP,FR,1330.0,,,0,0,0,1985.0,1985.0,,2045,49.85805556,0.635555556,,
110,Paluel 4,Nuclear,Steam Turbine,PP,FR,1330.0,,,0,0,0,1986.0,1986.0,,2046,49.85805556,0.635555556,,
111,Penly 1,Nuclear,Steam Turbine,PP,FR,1330.0,,,0,0,0,1990.0,1990.0,,2050,49.97666667,1.211944444,,
112,Penly 2,Nuclear,Steam Turbine,PP,FR,1330.0,,,0,0,0,1992.0,1992.0,,2052,49.97666667,1.211944444,,
113,Phenix]  –,Nuclear,Steam Turbine,PP,FR,130.0,,,0,0,0,1973.0,1973.0,,2009,44.14333333,4.711666667,,
114,Saint-Alban 1,Nuclear,Steam Turbine,PP,FR,1335.0,,,0,0,0,1985.0,1985.0,,2045,45.40472222,4.755833333,,
115,Saint-Alban 2,Nuclear,Steam Turbine,PP,FR,1335.0,,,0,0,0,1986.0,1986.0,,2046,45.40472222,4.755833333,,
116,Saint-Laurent A1,Nuclear,Steam Turbine,PP,FR,480.0,,,0,0,0,1969.0,1969.0,,1990,47.72055556,1.578611111,,
117,Saint-Laurent A2,Nuclear,Steam Turbine,PP,FR,515.0,,,0,0,0,1971.0,1971.0,,1992,47.72055556,1.578611111,,
118,Saint-Laurent B1,Nuclear,Steam Turbine,PP,FR,915.0,,,0,0,0,1981.0,1981.0,,2041,47.72055556,1.578611111,,
119,Saint-Laurent B2,Nuclear,Steam Turbine,PP,FR,915.0,,,0,0,0,1981.0,1981.0,,2041,47.72055556,1.578611111,,
120,Creys-Malville –,Nuclear,Steam Turbine,PP,FR,1.2,,,0,0,0,1986.0,1986.0,,1998,45.75833333,5.472222222,,
121,Tricastin 1,Nuclear,Steam Turbine,PP,FR,915.0,,,0,0,0,1980.0,1980.0,,2040,44.32972222,4.732222222,,
122,Tricastin 2,Nuclear,Steam Turbine,PP,FR,915.0,,,0,0,0,1980.0,1980.0,,2040,44.32972222,4.732222222,,
123,Tricastin 3,Nuclear,Steam Turbine,PP,FR,915.0,,,0,0,0,1981.0,1981.0,,2041,44.32972222,4.732222222,,
124,Tricastin 4,Nuclear,Steam Turbine,PP,FR,915.0,,,0,0,0,1981.0,1981.0,,2041,44.32972222,4.732222222,,
125,Caorso 1,Nuclear,Steam Turbine,PP,IE,860.0,,,0,0,0,1981.0,1981.0,,1986,45.07222222,9.872222222,,
126,Enrico Fermi 1,Nuclear,Steam Turbine,PP,IE,260.0,,,0,0,0,1965.0,1965.0,,1987,45.18409374,8.277554512,,
127,Garigliano 1,Nuclear,Steam Turbine,PP,IE,150.0,,,0,0,0,1964.0,1964.0,,1982,41.25833333,13.83472222,,
128,Latina 1,Nuclear,Steam Turbine,PP,IE,153.0,,,0,0,0,1964.0,1964.0,,1986,41.425384,12.807001,,
129,Ignalina 1,Nuclear,Steam Turbine,PP,LT,1185.0,,,0,0,0,1985.0,1985.0,,2004,55.60434185,26.56266689,,
130,Ignalina 2,Nuclear,Steam Turbine,PP,LT,1185.0,,,0,0,0,1987.0,1987.0,,2009,55.60434185,26.56266689,,
131,Borssele 1,Nuclear,Steam Turbine,PP,NL,482.0,,,0,0,0,1973.0,1973.0,,2034,51.43083333,3.718333333,,
132,Dodewaard 1,Nuclear,Steam Turbine,PP,NL,55.0,,,0,0,0,1969.0,1969.0,,1997,51.89956944,5.686327778,,
133,Cernavoda 1,Nuclear,Steam Turbine,PP,RO,650.0,,,0,0,0,1996.0,1996.0,,2051,44.32234722,28.05728056,,
134,Cernavoda 2,Nuclear,Steam Turbine,PP,RO,650.0,,,0,0,0,2007.0,2007.0,,2051,44.32234722,28.05728056,,
135,Agesta 1,Nuclear,Steam Turbine,PP,SE,10.0,,,0,0,0,1964.0,1964.0,,1974,59.20611111,18.0825,,
136,Barseback 1,Nuclear,Steam Turbine,PP,SE,600.0,,,0,0,0,1975.0,1975.0,,1999,55.74444444,12.92083333,,
137,Barseback 2,Nuclear,Steam Turbine,PP,SE,600.0,,,0,0,0,1977.0,1977.0,,2005,55.74444444,12.92083333,,
138,Forsmark 1,Nuclear,Steam Turbine,PP,SE,986.0,,,0,0,0,1980.0,1980.0,,2051,60.40333333,18.16666667,,
139,Forsmark 2,Nuclear,Steam Turbine,PP,SE,1116.0,,,0,0,0,1981.0,1981.0,,2051,60.40333333,18.16666667,,
140,Forsmark 3,Nuclear,Steam Turbine,PP,SE,1159.0,,,0,0,0,1985.0,1985.0,,2051,60.40333333,18.16666667,,
141,Oskarshamn 1,Nuclear,Steam Turbine,PP,SE,473.0,,,0,0,0,1972.0,1972.0,,2017,57.41555556,16.67111111,,
142,Oskarshamn 2,Nuclear,Steam Turbine,PP,SE,638.0,,,0,0,0,1975.0,1975.0,,2016,57.41555556,16.67111111,,
143,Oskarshamn 3,Nuclear,Steam Turbine,PP,SE,1400.0,,,0,0,0,1985.0,1985.0,,2051,57.41555556,16.67111111,,
144,Ringhals 1,Nuclear,Steam Turbine,PP,SE,881.0,,,0,0,0,1976.0,1976.0,,2020,57.26111111,12.10833333,,
145,Ringhals 2,Nuclear,Steam Turbine,PP,SE,907.0,,,0,0,0,1975.0,1975.0,,2019,57.26111111,12.10833333,,
146,Ringhals 3,Nuclear,Steam Turbine,PP,SE,1062.0,,,0,0,0,1981.0,1981.0,,2051,57.26111111,12.10833333,,
147,Ringhals 4,Nuclear,Steam Turbine,PP,SE,1102.0,,,0,0,0,1983.0,1983.0,,2051,57.26111111,12.10833333,,
148,Beznau 1,Nuclear,Steam Turbine,PP,CH,365.0,,,0,0,0,1969.0,1969.0,,2051,47.55222222,8.227777778,,
149,Beznau 2,Nuclear,Steam Turbine,PP,CH,365.0,,,0,0,0,1972.0,1972.0,,2051,47.55222222,8.227777778,,
150,Gosgen 1,Nuclear,Steam Turbine,PP,CH,1010.0,,,0,0,0,1979.0,1979.0,,2051,47.36583333,7.968888889,,
151,Leibstadt 1,Nuclear,Steam Turbine,PP,CH,1220.0,,,0,0,0,1984.0,1984.0,,2051,47.60135,8.18375,,
152,Muehleberg,Nuclear,Steam Turbine,PP,CH,373.0,,,0,0,0,1972.0,1972.0,,2019,46.97083333,7.270277778,,
153,Bohunice A1,Nuclear,Steam Turbine,PP,SK,93.0,,,0,0,0,1972.0,1972.0,,1977,48.49444444,17.68055556,,
154,Bohunice 1,Nuclear,Steam Turbine,PP,SK,408.0,,,0,0,0,1980.0,1980.0,,2006,48.49444444,17.68055556,,
155,Bohunice 2,Nuclear,Steam Turbine,PP,SK,408.0,,,0,0,0,1981.0,1981.0,,2008,48.49444444,17.68055556,,
156,Bohunice 3,Nuclear,Steam Turbine,PP,SK,471.0,,,0,0,0,1985.0,1985.0,,2051,48.49444444,17.68055556,,
157,Bohunice 4,Nuclear,Steam Turbine,PP,SK,471.0,,,0,0,0,1985.0,1985.0,,2051,48.49444444,17.68055556,,
158,Mochovce 1,Nuclear,Steam Turbine,PP,SK,436.0,,,0,0,0,1998.0,1998.0,,2051,48.26388889,18.45694444,,
159,Mochovce 2,Nuclear,Steam Turbine,PP,SK,436.0,,,0,0,0,2000.0,2000.0,,2051,48.26388889,18.45694444,,
160,Mochovce 3,Nuclear,Steam Turbine,PP,SK,440.0,,,0,0,0,2024.0,2024.0,,2051,48.26388889,18.45694444,,
161,Mochovce 4,Nuclear,Steam Turbine,PP,SK,440.0,,,0,0,0,2024.0,2024.0,,2064,48.26388889,18.45694444,,
162,Krsko 1,Nuclear,Steam Turbine,PP,SI,688.0,,,0,0,0,1983.0,1983.0,,2051,45.93841389,15.51546944,,
163,Almaraz 1,Nuclear,Steam Turbine,PP,ES,1011.0,,,0,0,0,1983.0,1983.0,,2027,39.8084,-5.6695,,
164,Almaraz 2,Nuclear,Steam Turbine,PP,ES,1006.0,,,0,0,0,1984.0,1984.0,,2028,39.8084,-5.6695,,
165,Asco 1,Nuclear,Steam Turbine,PP,ES,995.0,,,0,0,0,1984.0,1984.0,,2029,41.2,0.569444444,,
166,Asco 2,Nuclear,Steam Turbine,PP,ES,997.0,,,0,0,0,1986.0,1986.0,,2030,41.2,0.569444444,,
167,Cofrentes 1,Nuclear,Steam Turbine,PP,ES,1064.0,,,0,0,0,1985.0,1985.0,,2033,41.2,0.569444444,,
168,Jose Cabrera 1,Nuclear,Steam Turbine,PP,ES,141.0,,,0,0,0,1969.0,1969.0,,2006,41.2,0.569444444,,
169,Santa Maria de Garona 1,Nuclear,Steam Turbine,PP,ES,446.0,,,0,0,0,1971.0,1971.0,,2013,41.2,0.569444444,,
170,Trillo 1,Nuclear,Steam Turbine,PP,ES,1003.0,,,0,0,0,1988.0,1988.0,,2035,41.2,0.569444444,,
171,Vandellos 1,Nuclear,Steam Turbine,PP,ES,480.0,,,0,0,0,1972.0,1972.0,,1990,40.95138889,0.866666667,,
172,Vandellos 2,Nuclear,Steam Turbine,PP,ES,1045.0,,,0,0,0,1988.0,1988.0,,2034,40.95138889,0.866666667,,
173,Dukovany 1,Nuclear,Steam Turbine,PP,CZ,468.0,,,0,0,0,1985.0,1985.0,,2051,49.08509444,16.14899167,,
174,Dukovany 2,Nuclear,Steam Turbine,PP,CZ,471.0,,,0,0,0,1986.0,1986.0,,2051,49.08509444,16.14899167,,
175,Dukovany 3,Nuclear,Steam Turbine,PP,CZ,468.0,,,0,0,0,1986.0,1986.0,,2051,49.08509444,16.14899167,,
176,Dukovany 4,Nuclear,Steam Turbine,PP,CZ,471.0,,,0,0,0,1987.0,1987.0,,2051,49.08509444,16.14899167,,
177,Temelin 1,Nuclear,Steam Turbine,PP,CZ,1026.0,,,0,0,0,2002.0,2002.0,,2051,49.18194444,14.38138889,,
178,Temelin 2,Nuclear,Steam Turbine,PP,CZ,1026.0,,,0,0,0,2003.0,2003.0,,2051,49.18194444,14.38138889,,
179,Temelin 3,Nuclear,Steam Turbine,PP,CZ,2400.0,,,0,0,0,2050.0,2050.0,,2090,49.18194444,14.38138889,,
180,Paks 1,Nuclear,Steam Turbine,PP,HU,479.0,,,0,0,0,1983.0,1983.0,,2051,46.5725,18.85416667,,
181,Paks 2,Nuclear,Steam Turbine,PP,HU,477.0,,,0,0,0,1984.0,1984.0,,2051,46.5725,18.85416667,,
182,Paks 3,Nuclear,Steam Turbine,PP,HU,473.0,,,0,0,0,1986.0,1986.0,,2051,46.5725,18.85416667,,
183,Paks 4,Nuclear,Steam Turbine,PP,HU,473.0,,,0,0,0,1987.0,1987.0,,2051,46.5725,18.85416667,,
184,Berkeley 1,Nuclear,Steam Turbine,PP,GB,138.0,,,0,0,0,1962.0,1962.0,,1989,,,,
185,Berkeley 2,Nuclear,Steam Turbine,PP,GB,138.0,,,0,0,0,1962.0,1962.0,,1988,,,,
186,Bradwell 1,Nuclear,Steam Turbine,PP,GB,123.0,,,0,0,0,1962.0,1962.0,,2002,51.74194444,0.8975,,
187,Bradwell 2,Nuclear,Steam Turbine,PP,GB,123.0,,,0,0,0,1962.0,1962.0,,2002,51.74194444,0.8975,,
188,Calder Hall 1,Nuclear,Steam Turbine,PP,GB,50.0,,,0,0,0,1956.0,1956.0,,2003,51.74194444,0.8975,,
189,Calder Hall 2,Nuclear,Steam Turbine,PP,GB,50.0,,,0,0,0,1957.0,1957.0,,2003,51.74194444,0.8975,,
190,Calder Hall 3,Nuclear,Steam Turbine,PP,GB,50.0,,,0,0,0,1958.0,1958.0,,2003,51.74194444,0.8975,,
191,Calder Hall 4,Nuclear,Steam Turbine,PP,GB,50.0,,,0,0,0,1959.0,1959.0,,2003,51.74194444,0.8975,,
192,Chapelcross 1,Nuclear,Steam Turbine,PP,GB,50.0,,,0,0,0,1959.0,1959.0,,2004,51.74194444,0.8975,,
193,Chapelcross 2,Nuclear,Steam Turbine,PP,GB,50.0,,,0,0,0,1959.0,1959.0,,2004,51.74194444,0.8975,,
194,Chapelcross 3,Nuclear,Steam Turbine,PP,GB,50.0,,,0,0,0,1959.0,1959.0,,2004,51.74194444,0.8975,,
195,Chapelcross 4,Nuclear,Steam Turbine,PP,GB,50.0,,,0,0,0,1960.0,1960.0,,2004,51.74194444,0.8975,,
196,Dounreay  DFR,Nuclear,Steam Turbine,PP,GB,14.0,,,0,0,0,1962.0,1962.0,,1977,51.74194444,0.8975,,
197,Dounreay  PFR,Nuclear,Steam Turbine,PP,GB,234.0,,,0,0,0,1975.0,1975.0,,1994,51.74194444,0.8975,,
198,Dungeness A1,Nuclear,Steam Turbine,PP,GB,225.0,,,0,0,0,1965.0,1965.0,,2006,50.91388889,0.963888889,,
199,Dungeness A2,Nuclear,Steam Turbine,PP,GB,225.0,,,0,0,0,1965.0,1965.0,,2006,50.91388889,0.963888889,,
200,Dungeness B1,Nuclear,Steam Turbine,PP,GB,545.0,,,0,0,0,1985.0,1985.0,,2021,50.91388889,0.963888889,,
201,Dungeness B2,Nuclear,Steam Turbine,PP,GB,545.0,,,0,0,0,1983.0,1983.0,,2021,50.91388889,0.963888889,,
202,Hartlepool A1,Nuclear,Steam Turbine,PP,GB,595.0,,,0,0,0,1983.0,1983.0,,2024,50.91388889,0.963888889,,
203,Hartlepool A2,Nuclear,Steam Turbine,PP,GB,595.0,,,0,0,0,1984.0,1984.0,,2024,50.91388889,0.963888889,,
204,Heysham A1,Nuclear,Steam Turbine,PP,GB,585.0,,,0,0,0,1983.0,1983.0,,2024,50.91388889,0.963888889,,
205,Heysham A2,Nuclear,Steam Turbine,PP,GB,575.0,,,0,0,0,1984.0,1984.0,,2024,50.91388889,0.963888889,,
206,Heysham B1,Nuclear,Steam Turbine,PP,GB,615.0,,,0,0,0,1988.0,1988.0,,2030,50.91388889,0.963888889,,
207,Heysham B2,Nuclear,Steam Turbine,PP,GB,615.0,,,0,0,0,1988.0,1988.0,,2030,50.91388889,0.963888889,,
208,Hinkley Point A1,Nuclear,Steam Turbine,PP,GB,235.0,,,0,0,0,1965.0,1965.0,,2000,50.91388889,0.963888889,,
209,Hinkley Point A2,Nuclear,Steam Turbine,PP,GB,235.0,,,0,0,0,1965.0,1965.0,,2000,50.91388889,0.963888889,,
210,Hinkley Point B1,Nuclear,Steam Turbine,PP,GB,430.0,,,0,0,0,1976.0,1976.0,,2022,50.91388889,0.963888889,,
211,Hinkley Point B2,Nuclear,Steam Turbine,PP,GB,430.0,,,0,0,0,1976.0,1976.0,,2022,50.91388889,0.963888889,,
212,Hinkley Point C1,Nuclear,Steam Turbine,PP,GB,1630.0,,,0,0,0,2029.0,2029.0,,2069,50.91388889,0.963888889,,
213,Hinkley Point C2,Nuclear,Steam Turbine,PP,GB,1630.0,,,0,0,0,2030.0,2030.0,,2070,50.91388889,0.963888889,,
214,Hunterston A1,Nuclear,Steam Turbine,PP,GB,150.0,,,0,0,0,1964.0,1964.0,,1990,50.91388889,0.963888889,,
215,Hunterston A2,Nuclear,Steam Turbine,PP,GB,150.0,,,0,0,0,1964.0,1964.0,,1989,50.91388889,0.963888889,,
216,Hunterston B1,Nuclear,Steam Turbine,PP,GB,420.0,,,0,0,0,1976.0,1976.0,,2022,50.91388889,0.963888889,,
217,Hunterston B2,Nuclear,Steam Turbine,PP,GB,420.0,,,0,0,0,1977.0,1977.0,,2022,50.91388889,0.963888889,,
218,Oldbury A1,Nuclear,Steam Turbine,PP,GB,217.0,,,0,0,0,1967.0,1967.0,,2012,50.91388889,0.963888889,,
219,Oldbury A2,Nuclear,Steam Turbine,PP,GB,217.0,,,0,0,0,1968.0,1968.0,,2011,50.91388889,0.963888889,,
220,Sizewell A1,Nuclear,Steam Turbine,PP,GB,210.0,,,0,0,0,1966.0,1966.0,,2006,52.21666667,1.619444444,,
221,Sizewell A2,Nuclear,Steam Turbine,PP,GB,210.0,,,0,0,0,1966.0,1966.0,,2006,52.21666667,1.619444444,,
222,Sizewell B,Nuclear,Steam Turbine,PP,GB,1188.0,,,0,0,0,1995.0,1995.0,,2035,52.21666667,1.619444444,,
223,Torness 1,Nuclear,Steam Turbine,PP,GB,625.0,,,0,0,0,1988.0,1988.0,,2030,52.21666667,1.619444444,,
224,Torness 2,Nuclear,Steam Turbine,PP,GB,625.0,,,0,0,0,1989.0,1989.0,,2030,52.21666667,1.619444444,,
225,Trawsfynydd 1,Nuclear,Steam Turbine,PP,GB,195.0,,,0,0,0,1965.0,1965.0,,1991,52.21666667,1.619444444,,
226,Trawsfynydd 2,Nuclear,Steam Turbine,PP,GB,195.0,,,0,0,0,1965.0,1965.0,,1991,52.21666667,1.619444444,,
227,Windscale AGR   1,Nuclear,Steam Turbine,PP,GB,0.0,,,0,0,0,,,,1957,52.21666667,1.619444444,,
228,Windscale AGR   2,Nuclear,Steam Turbine,PP,GB,0.0,,,0,0,0,,,,1957,52.21666667,1.619444444,,
229,Windscale AGR   3,Nuclear,Steam Turbine,PP,GB,24.0,,,0,0,0,1963.0,1963.0,,1981,52.21666667,1.619444444,,
230,Winfrith SGHWR –,Nuclear,Steam Turbine,PP,GB,92.0,,,0,0,0,1967.0,1967.0,,1990,52.21666667,1.619444444,,
231,Wylfa 1,Nuclear,Steam Turbine,PP,GB,490.0,,,0,0,0,1971.0,1971.0,,2015,52.21666667,1.619444444,,
232,Wylfa 2,Nuclear,Steam Turbine,PP,GB,490.0,,,0,0,0,1971.0,1971.0,,2012,52.21666667,1.619444444,,
233,Penly 3,Nuclear,Steam Turbine,PP,FR,1650.0,,,0,0,0,2035.0,2035.0,,2095,49.97666667,1.211944444,,
234,Penly 4,Nuclear,Steam Turbine,PP,FR,1650.0,,,0,0,0,2035.0,2035.0,,2095,49.97666667,1.211944444,,
235,Gravelines 7,Nuclear,Steam Turbine,PP,FR,1650.0,,,0,0,0,2038.0,2038.0,,2098,51.01361111,2.136111111,,
236,Gravelines 8,Nuclear,Steam Turbine,PP,FR,1650.0,,,0,0,0,2038.0,2038.0,,2098,51.01361111,2.136111111,,
237,Bugey 6,Nuclear,Steam Turbine,PP,FR,1650.0,,,0,0,0,2045.0,2045.0,,2105,45.79722222,5.27,,
238,Bugey 7,Nuclear,Steam Turbine,PP,FR,1650.0,,,0,0,0,2045.0,2045.0,,2105,45.79722222,5.27,,
239,Borssele 2,Nuclear,Steam Turbine,PP,NL,1650.0,,,0,0,0,2035.0,2035.0,,2075,51.43083333,3.718333333,,
240,Borssele 3,Nuclear,Steam Turbine,PP,NL,1650.0,,,0,0,0,2035.0,2035.0,,2075,51.43083333,3.718333333,,
241,Cernavoda 3,Nuclear,Steam Turbine,PP,RO,720.0,,,0,0,0,2031.0,2031.0,,2071,44.32234722,28.05728056,,
242,Cernavoda 4,Nuclear,Steam Turbine,PP,RO,720.0,,,0,0,0,2032.0,2032.0,,2072,44.32234722,28.05728056,,
243,Ringhals 5,Nuclear,Steam Turbine,PP,SE,1250.0,,,0,0,0,2035.0,2035.0,,2075,57.26111111,12.10833333,,
244,Ringhals 6,Nuclear,Steam Turbine,PP,SE,1250.0,,,0,0,0,2035.0,2035.0,,2075,57.26111111,12.10833333,,
245,Krsko 2 2,Nuclear,Steam Turbine,PP,SI,1200.0,,,0,0,0,2035.0,2035.0,,2075,45.93841389,15.51546944,,
246,Dukovany 5,Nuclear,Steam Turbine,PP,CZ,1200.0,,,0,0,0,2036.0,2036.0,,2076,49.08509444,16.14899167,,
247,Dukovany 6,Nuclear,Steam Turbine,PP,CZ,1200.0,,,0,0,0,2050.0,2050.0,,2090,49.08509444,16.14899167,,
248,Paks 5,Nuclear,Steam Turbine,PP,HU,1200.0,,,0,0,0,2032.0,2032.0,,2072,46.5725,18.85416667,,
249,Paks 6,Nuclear,Steam Turbine,PP,HU,1200.0,,,0,0,0,2032.0,2032.0,,2072,46.5725,18.85416667,,
250,Bohunice 5,Nuclear,Steam Turbine,PP,SK,1200.0,,,0,0,0,2040.0,2040.0,,2080,48.49444444,17.68055556,,
251,Bradwell B1,Nuclear,Steam Turbine,PP,GB,1150.0,,,0,0,0,2030.0,2030.0,,2070,51.74194444,0.8975,,
252,Bradwell B2,Nuclear,Steam Turbine,PP,GB,1150.0,,,0,0,0,2030.0,2030.0,,2070,51.74194444,0.8975,,
253,Pomerania 1,Nuclear,Steam Turbine,PP,PL,1250.0,,,0,0,0,2033.0,2033.0,,2073,54.742854,17.892155,,
254,Pomerania 2,Nuclear,Steam Turbine,PP,PL,1250.0,,,0,0,0,2033.0,2033.0,,2073,54.742854,17.892155,,
255,Pomerania 3,Nuclear,Steam Turbine,PP,PL,1250.0,,,0,0,0,2033.0,2033.0,,2073,54.742854,17.892155,,
256,Patnow 1,Nuclear,Steam Turbine,PP,PL,1400.0,,,0,0,0,2035.0,2035.0,,2075,52.302,18.237,,
257,Patnow 2,Nuclear,Steam Turbine,PP,PL,1400.0,,,0,0,0,2035.0,2035.0,,2075,52.302,18.237,,
258,Gacko,Lignite,Steam Turbine,PP,BA,300.0,0.32,,0,0,0,1983.0,1983.0,,2040,43.1721,18.5116,,
259,Kakanj,Lignite,Steam Turbine,PP,BA,450.0,0.32,,0,0,0,1969.0,1969.0,,2040,44.0896,18.1139,,
260,Stanari,Lignite,Steam Turbine,PP,BA,300.0,0.4,,0,0,0,2016.0,2016.0,,2040,44.7593,17.8232,,
261,Tuzla,Lignite,Steam Turbine,PP,BA,723.0,0.32,,0,0,0,1966.0,1966.0,,2040,44.521,18.6064,,
262,Ugljevik,Lignite,Steam Turbine,PP,BA,300.0,0.32,,0,0,0,1985.0,1985.0,,2040,44.6822,18.9674,,
263,Esbjerg,Hard Coal,Steam Turbine,PP,DK,407.0,0.36,,0,0,0,1992.0,1992.0,,2024,55.4551,8.4578,,
264,Fyns,Hard Coal,Steam Turbine,PP,DK,362.0,0.32,,0,0,0,1974.0,1974.0,,2024,55.4294,10.4102,,
265,Studstrup,Hard Coal,Steam Turbine,PP,DK,380.0,0.32,,0,0,0,1984.0,1984.0,,2024,56.2515,10.3438,,
266,Nordjylland,Hard Coal,Steam Turbine,PP,DK,411.0,0.32,,0,0,0,1977.0,1977.0,,2028,57.0776,10.0404,,
267,Agios Dimitrios,Lignite,Steam Turbine,PP,EL,1595.0,0.32,,0,0,0,1984.0,1984.0,,2025,40.3938,21.9251,,
268,Melitis (Florina),Lignite,Steam Turbine,PP,EL,330.0,0.4,,0,0,0,2003.0,2003.0,,2025,40.811,21.601,,
269,Megalopoli B,Lignite,Steam Turbine,PP,EL,300.0,0.36,,0,0,0,1991.0,1991.0,,2025,37.416,22.067,,
270,Ptolemaida V,Lignite,Steam Turbine,PP,EL,660.0,0.4,,0,0,0,2024.0,2024.0,,2028,40.4809,21.7269,,
271,Kosovo A,Lignite,Steam Turbine,PP,KS,610.0,0.32,,0,0,0,1962.0,1962.0,,2040,42.6765,21.0859,,
272,Kosovo B,Lignite,Steam Turbine,PP,KS,678.0,0.32,,0,0,0,1983.0,1983.0,,2040,42.6931,21.056,,
273,Pljevlja Power Station,Lignite,Steam Turbine,PP,ME,225.0,0.32,,0,0,0,1982.0,1982.0,,2040,43.334574,19.32714,,
274,Bitola,Lignite,Steam Turbine,PP,MK,675.0,0.32,,0,0,0,1982.0,1982.0,,2040,41.0583,21.4843,,
275,Oslomej,Lignite,Steam Turbine,PP,MK,125.0,0.32,,0,0,0,1980.0,1980.0,,2040,41.582133,21.000288,,
276,Kolubara A,Lignite,Steam Turbine,PP,RS,239.0,0.32,,0,0,0,1956.0,1956.0,,2040,44.4803,20.2935,,
277,Kostolac A,Lignite,Steam Turbine,PP,RS,310.0,0.32,,0,0,0,1967.0,1967.0,,2040,44.7237,21.1716,,
278,Kostolac B,Lignite,Steam Turbine,PP,RS,696.0,0.32,,0,0,0,1987.0,1987.0,,2040,44.7307,21.211,,
279,Morava,Lignite,Steam Turbine,PP,RS,120.0,0.32,,0,0,0,1969.0,1969.0,,2040,44.2238,21.1631,,
280,Nikola Tesla A,Lignite,Steam Turbine,PP,RS,1745.0,0.32,,0,0,0,1970.0,1970.0,,2040,44.6713,20.1584,,
281,Nikola Tesla B,Lignite,Steam Turbine,PP,RS,1290.0,0.32,,0,0,0,1983.0,1983.0,,2040,44.6713,20.1584,,
282,Te-Tol,Hard Coal,Steam Turbine,PP,SI,124.0,0.32,,0,0,0,1966.0,1966.0,,2040,46.058,14.5451,,
283,Sostanj,Lignite,Steam Turbine,PP,SI,945.0,0.32,,0,0,0,1956.0,1956.0,,2040,46.3723,15.0534,,
284,Teko,Hard Coal,Steam Turbine,PP,SK,66.0,0.32,,0,0,0,1967.0,1967.0,,2024,48.6997,21.2731,,
285,Vojany EVO I,Hard Coal,Steam Turbine,PP,SK,220.0,0.32,,0,0,0,1965.0,1965.0,,2024,48.5525,21.9726,,
286,Silopi,Lignite,Steam Turbine,PP,TR,414.0,0.4,,0,0,0,2009.0,2009.0,,2040,37.2465,42.4643,,
287,Atlas,Hard Coal,Steam Turbine,PP,TR,1304.0,0.4,,0,0,0,2014.0,2014.0,,2040,36.5858,36.1797,,
288,Colakoglu,Hard Coal,Steam Turbine,PP,TR,207.0,0.4,,0,0,0,2003.0,2003.0,,2040,40.7873,29.5292,,
289,ICDAS Bekirli,Hard Coal,Steam Turbine,PP,TR,1216.0,0.4,,0,0,0,2011.0,2011.0,,2040,40.3916,27.0412,,
290,Isken Sugozu,Hard Coal,Steam Turbine,PP,TR,1320.0,0.4,,0,0,0,2003.0,2003.0,,2040,36.8345,35.8684,,
291,Izdemir Enerji,Hard Coal,Steam Turbine,PP,TR,380.0,0.4,,0,0,0,2014.0,2014.0,,2040,38.7272,26.9061,,
292,Zonguldak Eren I,Hard Coal,Steam Turbine,PP,TR,174.0,0.4,,0,0,0,2010.0,2010.0,,2040,41.497,31.8436,,
293,ICDAS Celik,Hard Coal,Steam Turbine,PP,TR,411.0,0.4,,0,0,0,2005.0,2005.0,,2040,40.4404,27.1049,,
294,Afsin Elbistan A,Lignite,Steam Turbine,PP,TR,1474.0,0.32,,0,0,0,1984.0,1984.0,,2040,38.3532,36.9828,,
295,Afsin Elbistan B,Lignite,Steam Turbine,PP,TR,1564.0,0.4,,0,0,0,2006.0,2006.0,,2040,38.3532,36.9828,,
296,Bolu-Goynuk,Lignite,Steam Turbine,PP,TR,276.0,0.4,,0,0,0,2015.0,2015.0,,2040,40.2529,30.7684,,
297,Can I Onsekizmart,Lignite,Steam Turbine,PP,TR,348.0,0.4,,0,0,0,2003.0,2003.0,,2040,40.0241,26.9584,,
298,Catalagzi,Hard Coal,Steam Turbine,PP,TR,326.0,0.32,,0,0,0,1989.0,1989.0,,2040,41.497,31.8436,,
299,Cayirhan,Lignite,Steam Turbine,PP,TR,672.0,0.32,,0,0,0,1987.0,1987.0,,2040,40.0969,31.6947,,
300,Kangal,Lignite,Steam Turbine,PP,TR,497.0,0.32,,0,0,0,1989.0,1989.0,,2040,39.0747,37.2975,,
301,Kemerkoy,Lignite,Steam Turbine,PP,TR,684.0,0.36,,0,0,0,1994.0,1994.0,,2040,37.0286,27.9114,,
302,Orhaneli,Lignite,Steam Turbine,PP,TR,397.0,0.36,,0,0,0,1992.0,1992.0,,2040,39.9533,28.8522,,
303,Seyitomer,Lignite,Steam Turbine,PP,TR,652.0,0.32,,0,0,0,1973.0,1973.0,,2040,39.5778,29.8944,,
304,Soma B,Lignite,Steam Turbine,PP,TR,1074.0,0.32,,0,0,0,1981.0,1981.0,,2040,39.1949,27.636,,
305,Tufanbeyli,Lignite,Steam Turbine,PP,TR,489.0,0.4,,0,0,0,2016.0,2016.0,,2040,38.2692,36.0651,,
306,Tuncbilek,Lignite,Steam Turbine,PP,TR,397.0,0.32,,0,0,0,1966.0,1966.0,,2040,39.629,29.4573,,
307,Yatagan,Lignite,Steam Turbine,PP,TR,684.0,0.32,,0,0,0,1983.0,1983.0,,2040,37.3313,28.1001,,
308,Yenikoy,Lignite,Steam Turbine,PP,TR,456.0,0.32,,0,0,0,1986.0,1986.0,,2040,37.1376,27.885,,
309,Yunus Emre,Lignite,Steam Turbine,PP,TR,158.0,0.4,,0,0,0,2018.0,2018.0,,2040,39.9836,31.3206,,
310,Janschwalde-2 power station,Lignite,Steam Turbine,PP,TR,330.0,0.4,,0,0,0,2018.0,2018.0,,2040,40.0241,26.9584,,
311,Cenal,Hard Coal,Steam Turbine,PP,TR,1320.0,0.4,,0,0,0,2017.0,2017.0,,2040,40.4182,27.3167,,
312,Zonguldak Eren II,Hard Coal,Steam Turbine,PP,TR,1336.0,0.4,,0,0,0,2010.0,2010.0,,2040,41.497,31.8436,,
313,Zonguldak Eren III,Hard Coal,Steam Turbine,PP,TR,1461.0,0.4,,0,0,0,2016.0,2016.0,,2040,41.497,31.8436,,
314,Soma Kolin,Lignite,Steam Turbine,PP,TR,510.0,0.4,,0,0,0,2019.0,2019.0,,2040,39.2307,27.7184,,
315,EMBA Hunutlu power station,Hard Coal,Steam Turbine,PP,TR,1320.0,0.4,,0,0,0,2022.0,2022.0,,2040,36.81609,36.81609,,
316,Kipas MMP power station,Hard Coal,Steam Turbine,PP,TR,55.0,0.4,,0,0,0,2024.0,2024.0,,2040,37.7671967,27.445695,,
317,Ratcliffe,Hard Coal,Steam Turbine,PP,GB,2172.0,0.32,,0,0,0,1968.0,1968.0,,2040,52.8615,-1.2499,,
318,Ruse Iztok 4 (steam generator 5),Hard Coal,Steam Turbine,PP,BG,110.0,0.32,,0,0,0,1971.0,1971.0,,2040,43.8664,26.0092,,
319,Brikel 1,Lignite,Steam Turbine,PP,BG,60.0,0.32,,0,0,0,1964.0,1964.0,,2040,42.1545,25.9061,,
320,Brikel 2,Lignite,Steam Turbine,PP,BG,60.0,0.32,,0,0,0,1964.0,1964.0,,2040,42.1545,25.9061,,
321,Brikel 3,Lignite,Steam Turbine,PP,BG,60.0,0.32,,0,0,0,1964.0,1964.0,,2040,42.1545,25.9061,,
322,Brikel 4,Lignite,Steam Turbine,PP,BG,60.0,0.32,,0,0,0,1964.0,1964.0,,2040,42.1545,25.9061,,
323,Deven 1,Hard Coal,Steam Turbine,PP,BG,121.0,0.4,,0,0,0,2009.0,2009.0,,2040,43.1974,27.6329,,
324,Deven 2,Hard Coal,Steam Turbine,PP,BG,53.0,0.4,,0,0,0,2017.0,2017.0,,2040,43.1974,27.6329,,
325,Bobov Dol 1,Lignite,Steam Turbine,PP,BG,210.0,0.32,,0,0,0,1973.0,1973.0,,2040,42.2852,23.0344,,
326,Bobov Dol 2,Lignite,Steam Turbine,PP,BG,210.0,0.32,,0,0,0,1974.0,1974.0,,2040,42.2852,23.0344,,
327,Bobov Dol 3,Lignite,Steam Turbine,PP,BG,210.0,0.32,,0,0,0,1975.0,1975.0,,2040,42.2852,23.0344,,
328,AES Galabovo 1,Lignite,Steam Turbine,PP,BG,335.0,0.4,,0,0,0,2011.0,2011.0,,2040,42.1591,25.9089,,
329,AES Galabovo 2,Lignite,Steam Turbine,PP,BG,335.0,0.4,,0,0,0,2011.0,2011.0,,2040,42.1591,25.9089,,
330,Maritsa East 2 unit 1,Lignite,Steam Turbine,PP,BG,177.0,0.32,,0,0,0,1966.0,1966.0,,2040,42.2564,26.132,,
331,Maritsa East 2 unit 2,Lignite,Steam Turbine,PP,BG,165.0,0.32,,0,0,0,1967.0,1967.0,,2040,42.2564,26.132,,
332,Maritsa East 2 unit 3,Lignite,Steam Turbine,PP,BG,177.0,0.32,,0,0,0,1967.0,1967.0,,2040,42.2564,26.132,,
333,Maritsa East 2 unit 4,Lignite,Steam Turbine,PP,BG,177.0,0.32,,0,0,0,1968.0,1968.0,,2040,42.2564,26.132,,
334,Maritsa East 2 unit 5,Lignite,Steam Turbine,PP,BG,210.0,0.32,,0,0,0,1985.0,1985.0,,2040,42.2564,26.132,,
335,Maritsa East 2 unit 6,Lignite,Steam Turbine,PP,BG,232.0,0.32,,0,0,0,1985.0,1985.0,,2040,42.2564,26.132,,
336,Maritsa East 2 unit 7,Lignite,Steam Turbine,PP,BG,232.0,0.32,,0,0,0,1990.0,1990.0,,2040,42.2564,26.132,,
337,Maritsa East 2 unit 8,Lignite,Steam Turbine,PP,BG,232.0,0.36,,0,0,0,1995.0,1995.0,,2040,42.2564,26.132,,
338,ContourGlobal Maritsa East 3 1,Lignite,Steam Turbine,PP,BG,227.0,0.32,,0,0,0,1978.0,1978.0,,2040,42.1449,26.0025,,
339,ContourGlobal Maritsa East 3 2,Lignite,Steam Turbine,PP,BG,227.0,0.32,,0,0,0,1979.0,1979.0,,2040,42.1449,26.0025,,
340,ContourGlobal Maritsa East 3 3,Lignite,Steam Turbine,PP,BG,227.0,0.32,,0,0,0,1980.0,1980.0,,2040,42.1449,26.0025,,
341,ContourGlobal Maritsa East 3 4,Lignite,Steam Turbine,PP,BG,227.0,0.32,,0,0,0,1981.0,1981.0,,2040,42.1449,26.0025,,
342,Plomin 2,Hard Coal,Steam Turbine,PP,HR,210.0,0.4,,0,0,0,2000.0,2000.0,,2040,45.1367,14.1626,,
343,Pocerady I 2,Lignite,Steam Turbine,PP,CZ,200.0,0.32,,0,0,0,1971.0,1971.0,,2040,50.4267,13.6774,,
344,Pocerady I 3,Lignite,Steam Turbine,PP,CZ,200.0,0.32,,0,0,0,1972.0,1972.0,,2040,50.4267,13.6774,,
345,Pocerady I 4,Lignite,Steam Turbine,PP,CZ,200.0,0.32,,0,0,0,1972.0,1972.0,,2040,50.4267,13.6774,,
346,Pocerady II 1,Lignite,Steam Turbine,PP,CZ,200.0,0.32,,0,0,0,1977.0,1977.0,,2040,50.4267,13.6774,,
347,Pocerady II 2,Lignite,Steam Turbine,PP,CZ,200.0,0.32,,0,0,0,1977.0,1977.0,,2040,50.4267,13.6774,,
348,Tisova II 3,Lignite,Steam Turbine,PP,CZ,105.0,0.32,,0,0,0,1962.0,1962.0,,2040,50.1522,12.6102,,
349,Suomenoja 2,Hard Coal,Steam Turbine,PP,FI,80.0,0.32,,0,0,0,1986.0,1986.0,,2040,60.1491,24.7174,,
350,Meri-Pori 1,Hard Coal,Steam Turbine,PP,FI,614.0,0.36,,0,0,0,1994.0,1994.0,,2040,61.6322,21.4047,,
351,Salmisaari,Hard Coal,Steam Turbine,PP,FI,177.0,0.32,,0,0,0,1984.0,1984.0,,2040,60.1648,24.9029,,
352,Naantali 1,Hard Coal,Steam Turbine,PP,FI,125.0,0.32,,0,0,0,1960.0,1960.0,,2040,60.4585,22.0536,,
353,Vaskiluoto 2,Hard Coal,Steam Turbine,PP,FI,250.0,0.32,,0,0,0,1981.0,1981.0,,2040,63.0909,21.5536,,
354,Cordemais 4,Hard Coal,Steam Turbine,PP,FR,630.0,0.32,,0,0,0,1983.0,1983.0,,2040,47.2762,-1.8776,,
355,Cordemais 5,Hard Coal,Steam Turbine,PP,FR,630.0,0.32,,0,0,0,1984.0,1984.0,,2040,47.2762,-1.8776,,
356,Emile-Huchet 6,Hard Coal,Steam Turbine,PP,FR,647.0,0.32,,0,0,0,1981.0,1981.0,,2040,49.1525,6.6981,,
357,Neurath A,Lignite,Steam Turbine,PP,DE,312.0,0.32,,0,0,0,1972.0,1972.0,,2040,51.0372,6.5992,,
358,Neurath C,Lignite,Steam Turbine,PP,DE,312.0,0.32,,0,0,0,1973.0,1973.0,,2040,51.0372,6.5992,,
359,Neurath F,Lignite,Steam Turbine,PP,DE,1100.0,0.4,,0,0,0,2012.0,2012.0,,2040,51.0372,6.5992,,
360,Neurath G,Lignite,Steam Turbine,PP,DE,1100.0,0.4,,0,0,0,2012.0,2012.0,,2040,51.0372,6.5992,,
361,Niederaussem E,Lignite,Steam Turbine,PP,DE,315.0,0.32,,0,0,0,1970.0,1970.0,,2040,50.9709,6.6666,,
362,Niederaussem F,Lignite,Steam Turbine,PP,DE,320.0,0.32,,0,0,0,1971.0,1971.0,,2040,50.9709,6.6666,,
363,Niederaussem H,Lignite,Steam Turbine,PP,DE,687.0,0.32,,0,0,0,1974.0,1974.0,,2040,50.9709,6.6666,,
364,Niederaussem K,Lignite,Steam Turbine,PP,DE,1012.0,0.4,,0,0,0,2002.0,2002.0,,2040,50.9709,6.6666,,
365,Mehrum 3,Hard Coal,Steam Turbine,PP,DE,750.0,0.32,,0,0,0,1979.0,1979.0,,2040,52.315,10.0914,,
366,Heyden 4,Hard Coal,Steam Turbine,PP,DE,923.0,0.32,,0,0,0,1987.0,1987.0,,2040,52.3816,8.9986,,
367,Walheim 1,Hard Coal,Steam Turbine,PP,DE,107.0,0.32,,0,0,0,1964.0,1964.0,,2040,49.0177,9.1577,,
368,Walheim 2,Hard Coal,Steam Turbine,PP,DE,160.0,0.32,,0,0,0,1967.0,1967.0,,2040,49.0177,9.1577,,
369,Bexbach,Hard Coal,Steam Turbine,PP,DE,780.0,0.32,,0,0,0,1983.0,1983.0,,2040,49.3649,7.2355,,
370,Wilhelmshaven New,Hard Coal,Steam Turbine,PP,DE,795.0,0.4,,0,0,0,2015.0,2015.0,,2040,53.5788,8.1327,,
371,Boxberg R,Lignite,Steam Turbine,PP,DE,675.0,0.4,,0,0,0,2012.0,2012.0,,2040,51.4188,14.5743,,
372,Bremen-Farge,Hard Coal,Steam Turbine,PP,DE,380.0,0.32,,0,0,0,1969.0,1969.0,,2040,53.2021,8.5162,,
373,Duisburg-Walsum 10,Hard Coal,Steam Turbine,PP,DE,790.0,0.4,,0,0,0,2013.0,2013.0,,2040,51.526,6.7196,,
374,Weisweiler F,Lignite,Steam Turbine,PP,DE,340.0,0.32,,0,0,0,1967.0,1967.0,,2040,50.8332,6.3146,,
375,Agios Dimitrios 1,Lignite,Steam Turbine,PP,GR,300.0,0.32,,0,0,0,1984.0,1984.0,,2040,40.3938,21.9251,,
376,Agios Dimitrios 2,Lignite,Steam Turbine,PP,GR,300.0,0.32,,0,0,0,1984.0,1984.0,,2040,40.3938,21.9251,,
377,Matra 3,Lignite,Steam Turbine,PP,HU,220.0,0.32,,0,0,0,1969.0,1969.0,,2040,47.79027,20.06358,,
378,Matra 4,Lignite,Steam Turbine,PP,HU,232.0,0.32,,0,0,0,1969.0,1969.0,,2040,47.79027,20.06358,,
379,Matra 5,Lignite,Steam Turbine,PP,HU,232.0,0.32,,0,0,0,1969.0,1969.0,,2040,47.79027,20.06358,,
380,Moneypoint 1,Hard Coal,Steam Turbine,PP,IE,305.0,0.32,,0,0,0,1985.0,1985.0,,2040,52.6075,-9.4227,,
381,Moneypoint 2,Hard Coal,Steam Turbine,PP,IE,305.0,0.32,,0,0,0,1986.0,1986.0,,2040,52.6075,-9.4227,,
382,Moneypoint 3,Hard Coal,Steam Turbine,PP,IE,305.0,0.32,,0,0,0,1987.0,1987.0,,2040,52.6075,-9.4227,,
383,Monfalcone 1,Hard Coal,Steam Turbine,PP,IT,165.0,0.32,,0,0,0,1965.0,1965.0,,2040,45.7967,13.5456,,
384,Monfalcone 2,Hard Coal,Steam Turbine,PP,IT,171.0,0.32,,0,0,0,1970.0,1970.0,,2040,45.7967,13.5456,,
385,Fiume Santo 3,Hard Coal,Steam Turbine,PP,IT,320.0,0.36,,0,0,0,1992.0,1992.0,,2040,40.8517,8.2992,,
386,Fiume Santo 4,Hard Coal,Steam Turbine,PP,IT,320.0,0.36,,0,0,0,1993.0,1993.0,,2040,40.8517,8.2992,,
387,Brindisi Sud 1,Hard Coal,Steam Turbine,PP,IT,660.0,0.36,,0,0,0,1991.0,1991.0,,2040,40.5639,18.0322,,
388,Brindisi Sud 3,Hard Coal,Steam Turbine,PP,IT,660.0,0.36,,0,0,0,1992.0,1992.0,,2040,40.5639,18.0322,,
389,Brindisi Sud 4,Hard Coal,Steam Turbine,PP,IT,660.0,0.36,,0,0,0,1993.0,1993.0,,2040,40.5639,18.0322,,
390,Sulcis 2,Hard Coal,Steam Turbine,PP,IT,350.0,0.4,,0,0,0,2005.0,2005.0,,2040,39.22377,8.431664,,
391,Sulcis 3,Hard Coal,Steam Turbine,PP,IT,240.0,0.32,,0,0,0,1986.0,1986.0,,2040,39.22377,8.431664,,
392,Fusina GR3,Hard Coal,Steam Turbine,PP,IT,320.0,0.32,,0,0,0,1974.0,1974.0,,2040,45.4314,12.2458,,
393,Fusina GR4,Hard Coal,Steam Turbine,PP,IT,320.0,0.32,,0,0,0,1974.0,1974.0,,2040,45.4314,12.2458,,
394,Torrevaldaliga Nord 2,Hard Coal,Steam Turbine,PP,IT,660.0,0.4,,0,0,0,2010.0,2010.0,,2040,42.1283,11.7578,,
395,Torrevaldaliga Nord 3,Hard Coal,Steam Turbine,PP,IT,660.0,0.4,,0,0,0,2010.0,2010.0,,2040,42.1283,11.7578,,
396,Torrevaldaliga Nord 4,Hard Coal,Steam Turbine,PP,IT,660.0,0.4,,0,0,0,2009.0,2009.0,,2040,42.1283,11.7578,,
397,Maasvlakte 3,Hard Coal,Steam Turbine,PP,NL,1196.0,0.4,,0,0,0,2016.0,2016.0,,2040,51.9586,4.0264,,
398,Maasvlakte New New,Hard Coal,Steam Turbine,PP,NL,870.0,0.4,,0,0,0,2015.0,2015.0,,2040,51.944,4.0716,,
399,Eemshaven 1,Hard Coal,Steam Turbine,PP,NL,870.0,0.4,,0,0,0,2015.0,2015.0,,2040,53.4405,6.8612,,
400,Eemshaven 2,Hard Coal,Steam Turbine,PP,NL,870.0,0.4,,0,0,0,2015.0,2015.0,,2040,53.4405,6.8612,,
401,Amer 9,Hard Coal,Steam Turbine,PP,NL,652.0,0.36,,0,0,0,1994.0,1994.0,,2040,51.7078,4.8439,,
402,Laziska B9,Hard Coal,Steam Turbine,PP,PL,230.0,0.32,,0,0,0,1982.0,1982.0,,2040,50.1337,18.8465,,
403,Laziska B10,Hard Coal,Steam Turbine,PP,PL,225.0,0.32,,0,0,0,1982.0,1982.0,,2040,50.1337,18.8465,,
404,Laziska B11,Hard Coal,Steam Turbine,PP,PL,225.0,0.32,,0,0,0,1982.0,1982.0,,2040,50.1337,18.8465,,
405,Laziska B12,Hard Coal,Steam Turbine,PP,PL,225.0,0.32,,0,0,0,1982.0,1982.0,,2040,50.1337,18.8465,,
406,Turow B1,Lignite,Steam Turbine,PP,PL,235.0,0.36,,0,0,0,1998.0,1998.0,,2040,50.9486,14.9131,,
407,Turow B2,Lignite,Steam Turbine,PP,PL,235.0,0.36,,0,0,0,1998.0,1998.0,,2040,50.9486,14.9131,,
408,Turow B3,Lignite,Steam Turbine,PP,PL,235.0,0.4,,0,0,0,2000.0,2000.0,,2040,50.9486,14.9131,,
409,Turow B4,Lignite,Steam Turbine,PP,PL,261.0,0.32,,0,0,0,1963.0,1963.0,,2040,50.9486,14.9131,,
410,Turow B5,Lignite,Steam Turbine,PP,PL,261.0,0.32,,0,0,0,1964.0,1964.0,,2040,50.9486,14.9131,,
411,Turow B6,Lignite,Steam Turbine,PP,PL,261.0,0.32,,0,0,0,1964.0,1964.0,,2040,50.9486,14.9131,,
412,Turow B7,Lignite,Steam Turbine,PP,PL,460.0,0.4,,0,0,0,2021.0,2021.0,,2040,50.9486,14.9131,,
413,Dolna Odra B5,Hard Coal,Steam Turbine,PP,PL,222.0,0.32,,0,0,0,1975.0,1975.0,,2040,53.2058,14.4663,,
414,Dolna Odra B6,Hard Coal,Steam Turbine,PP,PL,222.0,0.32,,0,0,0,1976.0,1976.0,,2040,53.2058,14.4663,,
415,Dolna Odra B7,Hard Coal,Steam Turbine,PP,PL,232.0,0.32,,0,0,0,1976.0,1976.0,,2040,53.2058,14.4663,,
416,Dolna Odra B8,Hard Coal,Steam Turbine,PP,PL,232.0,0.32,,0,0,0,1977.0,1977.0,,2040,53.2058,14.4663,,
417,Ostroleka B1,Hard Coal,Steam Turbine,PP,PL,221.0,0.32,,0,0,0,1972.0,1972.0,,2040,53.1044,21.612,,
418,Ostroleka B2,Hard Coal,Steam Turbine,PP,PL,200.0,0.32,,0,0,0,1972.0,1972.0,,2040,53.1044,21.612,,
419,Ostroleka B3,Hard Coal,Steam Turbine,PP,PL,226.0,0.32,,0,0,0,1972.0,1972.0,,2040,53.1044,21.612,,
420,Polaniec B1,Hard Coal,Steam Turbine,PP,PL,225.0,0.3625,,0,0,0,1979.0,1979.0,,2040,50.4381,21.3368,,
421,Polaniec B2,Hard Coal,Steam Turbine,PP,PL,242.0,0.3625,,0,0,0,1980.0,1980.0,,2040,50.4381,21.3368,,
422,Polaniec B3,Hard Coal,Steam Turbine,PP,PL,242.0,0.3625,,0,0,0,1980.0,1980.0,,2040,50.4381,21.3368,,
423,Polaniec B4,Hard Coal,Steam Turbine,PP,PL,242.0,0.3625,,0,0,0,1981.0,1981.0,,2040,50.4381,21.3368,,
424,Polaniec B5,Hard Coal,Steam Turbine,PP,PL,242.0,0.3625,,0,0,0,1982.0,1982.0,,2040,50.4381,21.3368,,
425,Polaniec B6,Hard Coal,Steam Turbine,PP,PL,242.0,0.3625,,0,0,0,1982.0,1982.0,,2040,50.4381,21.3368,,
426,Polaniec B7,Hard Coal,Steam Turbine,PP,PL,239.0,0.3625,,0,0,0,1983.0,1983.0,,2040,50.4381,21.3368,,
427,Opole B,Hard Coal,Steam Turbine,PP,PL,386.0,0.37,,0,0,0,1993.0,1993.0,,2040,50.7518,17.882,,
428,Opole B2,Hard Coal,Steam Turbine,PP,PL,383.0,0.37,,0,0,0,1994.0,1994.0,,2040,50.7518,17.882,,
429,Opole B3,Hard Coal,Steam Turbine,PP,PL,383.0,0.37,,0,0,0,1996.0,1996.0,,2040,50.7518,17.882,,
430,Opole B4,Hard Coal,Steam Turbine,PP,PL,380.0,0.37,,0,0,0,1997.0,1997.0,,2040,50.7518,17.882,,
431,Opole B5,Hard Coal,Steam Turbine,PP,PL,900.0,0.46,,0,0,0,2019.0,2019.0,,2040,50.7518,17.882,,
432,Opole B6,Hard Coal,Steam Turbine,PP,PL,900.0,0.46,,0,0,0,2019.0,2019.0,,2040,50.7518,17.882,,
433,Rybnik B3,Hard Coal,Steam Turbine,PP,PL,225.0,0.32,,0,0,0,1973.0,1973.0,,2040,50.1333,18.5236,,
434,Rybnik B4,Hard Coal,Steam Turbine,PP,PL,225.0,0.32,,0,0,0,1974.0,1974.0,,2040,50.1333,18.5236,,
435,Rybnik B5,Hard Coal,Steam Turbine,PP,PL,215.0,0.32,,0,0,0,1978.0,1978.0,,2040,50.1333,18.5236,,
436,Rybnik B6,Hard Coal,Steam Turbine,PP,PL,215.0,0.32,,0,0,0,1978.0,1978.0,,2040,50.1333,18.5236,,
437,Rybnik B7,Hard Coal,Steam Turbine,PP,PL,220.0,0.32,,0,0,0,1978.0,1978.0,,2040,50.1333,18.5236,,
438,Rybnik B8,Hard Coal,Steam Turbine,PP,PL,225.0,0.32,,0,0,0,1978.0,1978.0,,2040,50.1333,18.5236,,
439,Siersza B1,Hard Coal,Steam Turbine,PP,PL,153.0,0.4,,0,0,0,2002.0,2002.0,,2040,50.2064,19.463,,
440,Siersza B2,Hard Coal,Steam Turbine,PP,PL,153.0,0.4,,0,0,0,2002.0,2002.0,,2040,50.2064,19.463,,
441,Patnow II,Lignite,Steam Turbine,PP,PL,474.0,0.4,,0,0,0,2008.0,2008.0,,2040,52.3055,18.2317,,
442,Belchatow B10,Lignite,Steam Turbine,PP,PL,370.0,0.38,,0,0,0,1987.0,1987.0,,2040,51.2658,19.3153,,
443,Belchatow B11,Lignite,Steam Turbine,PP,PL,390.0,0.38,,0,0,0,1988.0,1988.0,,2040,51.2658,19.3153,,
444,Belchatow B12,Lignite,Steam Turbine,PP,PL,370.0,0.38,,0,0,0,1988.0,1988.0,,2040,51.2658,19.3153,,
445,Belchatow II B14,Lignite,Steam Turbine,PP,PL,858.0,0.42,,0,0,0,2011.0,2011.0,,2040,51.2658,19.3153,,
446,Belchatow B2,Lignite,Steam Turbine,PP,PL,358.0,0.38,,0,0,0,1983.0,1983.0,,2040,51.2658,19.3153,,
447,Belchatow B3,Lignite,Steam Turbine,PP,PL,380.0,0.38,,0,0,0,1983.0,1983.0,,2040,51.2658,19.3153,,
448,Belchatow B4,Lignite,Steam Turbine,PP,PL,380.0,0.38,,0,0,0,1984.0,1984.0,,2040,51.2658,19.3153,,
449,Belchatow B5,Lignite,Steam Turbine,PP,PL,380.0,0.38,,0,0,0,1984.0,1984.0,,2040,51.2658,19.3153,,
450,Belchatow B6,Lignite,Steam Turbine,PP,PL,394.0,0.38,,0,0,0,1985.0,1985.0,,2040,51.2658,19.3153,,
451,Belchatow B7,Lignite,Steam Turbine,PP,PL,390.0,0.38,,0,0,0,1985.0,1985.0,,2040,51.2658,19.3153,,
452,Belchatow B8,Lignite,Steam Turbine,PP,PL,390.0,0.38,,0,0,0,1986.0,1986.0,,2040,51.2658,19.3153,,
453,Belchatow B9,Lignite,Steam Turbine,PP,PL,370.0,0.38,,0,0,0,1986.0,1986.0,,2040,51.2658,19.3153,,
454,Jaworzno 3 B1,Hard Coal,Steam Turbine,PP,PL,225.0,0.32,,0,0,0,1977.0,1977.0,,2040,50.2078,19.2097,,
455,Jaworzno 3 B2,Hard Coal,Steam Turbine,PP,PL,225.0,0.32,,0,0,0,1977.0,1977.0,,2040,50.2078,19.2097,,
456,Jaworzno 3 B3,Hard Coal,Steam Turbine,PP,PL,225.0,0.32,,0,0,0,1977.0,1977.0,,2040,50.2078,19.2097,,
457,Jaworzno 3 B4,Hard Coal,Steam Turbine,PP,PL,225.0,0.32,,0,0,0,1977.0,1977.0,,2040,50.2078,19.2097,,
458,Jaworzno 3 B5,Hard Coal,Steam Turbine,PP,PL,220.0,0.32,,0,0,0,1977.0,1977.0,,2040,50.2078,19.2097,,
459,Jaworzno 3 B6,Hard Coal,Steam Turbine,PP,PL,225.0,0.32,,0,0,0,1979.0,1979.0,,2040,50.2078,19.2097,,
460,Jaworzno 3 B7,Hard Coal,Steam Turbine,PP,PL,910.0,0.459,,0,0,0,2020.0,2020.0,,2040,50.2078,19.2097,,
461,Katowice B1,Hard Coal,Steam Turbine,PP,PL,135.0,0.36,,0,0,0,1999.0,1999.0,,2040,50.2853,19.0539,,
462,Patnow I B1,Lignite,Steam Turbine,PP,PL,200.0,0.32,,0,0,0,1967.0,1967.0,,2040,52.3055,18.2317,,
463,Patnow I B2,Lignite,Steam Turbine,PP,PL,200.0,0.32,,0,0,0,1967.0,1967.0,,2040,52.3055,18.2317,,
464,Patnow I B5,Lignite,Steam Turbine,PP,PL,200.0,0.32,,0,0,0,1969.0,1969.0,,2040,52.3055,18.2317,,
465,Kozienice B1,Hard Coal,Steam Turbine,PP,PL,215.0,0.363,,0,0,0,1972.0,1972.0,,2040,51.6647,21.4667,,
466,Kozienice B10,Hard Coal,Steam Turbine,PP,PL,560.0,0.363,,0,0,0,1979.0,1979.0,,2040,51.6647,21.4667,,
467,Kozienice B11,Hard Coal,Steam Turbine,PP,PL,1075.0,0.475,,0,0,0,2017.0,2017.0,,2040,51.6647,21.4667,,
468,Kozienice B2,Hard Coal,Steam Turbine,PP,PL,225.0,0.363,,0,0,0,1973.0,1973.0,,2040,51.6647,21.4667,,
469,Kozienice B3,Hard Coal,Steam Turbine,PP,PL,225.0,0.363,,0,0,0,1973.0,1973.0,,2040,51.6647,21.4667,,
470,Kozienice B4,Hard Coal,Steam Turbine,PP,PL,228.0,0.363,,0,0,0,1973.0,1973.0,,2040,51.6647,21.4667,,
471,Kozienice B5,Hard Coal,Steam Turbine,PP,PL,225.0,0.363,,0,0,0,1973.0,1973.0,,2040,51.6647,21.4667,,
472,Kozienice B6,Hard Coal,Steam Turbine,PP,PL,228.0,0.363,,0,0,0,1974.0,1974.0,,2040,51.6647,21.4667,,
473,Kozienice B7,Hard Coal,Steam Turbine,PP,PL,225.0,0.363,,0,0,0,1974.0,1974.0,,2040,51.6647,21.4667,,
474,Kozienice B8,Hard Coal,Steam Turbine,PP,PL,228.0,0.363,,0,0,0,1975.0,1975.0,,2040,51.6647,21.4667,,
475,Kozienice B9,Hard Coal,Steam Turbine,PP,PL,560.0,0.363,,0,0,0,1978.0,1978.0,,2040,51.6647,21.4667,,
476,Isalnita 7,Lignite,Steam Turbine,PP,RO,315.0,0.32,,0,0,0,1987.0,1987.0,,2040,44.3857,23.7172,,
477,Rovinari 3,Lignite,Steam Turbine,PP,RO,330.0,0.32,,0,0,0,1976.0,1976.0,,2040,44.9134,23.1337,,
478,Rovinari 4,Lignite,Steam Turbine,PP,RO,330.0,0.32,,0,0,0,1976.0,1976.0,,2040,44.9134,23.1337,,
479,Rovinari 6,Lignite,Steam Turbine,PP,RO,330.0,0.32,,0,0,0,1979.0,1979.0,,2040,44.9134,23.1337,,
480,Turceni 4,Lignite,Steam Turbine,PP,RO,330.0,0.32,,0,0,0,1981.0,1981.0,,2040,44.6648,23.4096,,
481,Turceni 5,Lignite,Steam Turbine,PP,RO,330.0,0.32,,0,0,0,1983.0,1983.0,,2040,44.6648,23.4096,,
482,Turceni 7,Lignite,Steam Turbine,PP,RO,330.0,0.32,,0,0,0,1987.0,1987.0,,2040,44.6648,23.4096,,
483,Abono GRI,Hard Coal,Steam Turbine,PP,ES,360.0,0.32,,0,0,0,1974.0,1974.0,,2040,43.5527,-5.7235,,
484,Abono GRII,Hard Coal,Steam Turbine,PP,ES,556.0,0.32,,0,0,0,1985.0,1985.0,,2040,43.5527,-5.7235,,
485,Los Barrios 1,Hard Coal,Steam Turbine,PP,ES,589.0,0.32,,0,0,0,1985.0,1985.0,,2040,36.1837,-5.4184,,
486,Soto de Ribera III,Hard Coal,Steam Turbine,PP,ES,350.0,0.32,,0,0,0,1984.0,1984.0,,2040,43.3116,-5.8732,,
487,"Alcudia II 5, GR III",Hard Coal,Steam Turbine,PP,ES,130.0,0.36,,0,0,0,1997.0,1997.0,,2040,39.8106,3.0913,,
488,"Alcudia II 6, GR IV",Hard Coal,Steam Turbine,PP,ES,130.0,0.36,,0,0,0,1997.0,1997.0,,2040,39.8106,3.0913,,
489,As Pontes GR I,Hard Coal,Steam Turbine,PP,ES,369.0,0.32,,0,0,0,1976.0,1976.0,,2040,43.4433,-7.8608,,
490,As Pontes GR II,Hard Coal,Steam Turbine,PP,ES,366.0,0.32,,0,0,0,1976.0,1976.0,,2040,43.4433,-7.8608,,
491,Amercoeur power station,Natural Gas,CCGT,PP,BE,451.0,0.55,0.0,0,0,0,2010.0,2010.0,,2040,50.4304,4.3955,,
492,Angleur power station,Natural Gas,OCGT,PP,BE,25.0,0.35,0.0,0,0,0,1978.0,1978.0,,2040,50.6177,5.5837,,
493,Angleur power station,Natural Gas,OCGT,PP,BE,25.0,0.35,0.0,0,0,0,1978.0,1978.0,,2040,50.6177,5.5837,,
494,Angleur power station,Natural Gas,OCGT,PP,BE,64.0,0.35,0.0,0,0,0,2008.0,2008.0,,2040,50.6177,5.5837,,
495,Angleur power station,Natural Gas,OCGT,PP,BE,64.0,0.35,0.0,0,0,0,2008.0,2008.0,,2040,50.6177,5.5837,,
496,Drogenbos power station,Natural Gas,CCGT,PP,BE,460.0,0.5,0.0,0,0,0,1993.0,1993.0,,2040,50.8023,4.299,,
497,Herdersbrug power station,Natural Gas,CCGT,PP,BE,465.0,0.5,0.0,0,0,0,1998.0,1998.0,,2040,51.2629,3.2112,,
498,Marcinelle Energie (Carsid) power station,Natural Gas,CCGT,PP,BE,413.0,0.55,0.0,0,0,0,2011.0,2011.0,,2040,50.4138,4.4067,,
499,Ringvaart power station,Natural Gas,CCGT,PP,BE,385.0,0.5,0.0,0,0,0,1998.0,1998.0,,2040,51.1049,3.7257,,
500,Saint-Ghislain power station,Natural Gas,CCGT,PP,BE,350.0,0.55,0.0,0,0,0,2001.0,2001.0,,2040,50.4719,3.8248,,
501,Seraing power station,Natural Gas,CCGT,PP,BE,470.0,0.5,0.0,0,0,0,1994.0,1994.0,,2040,50.603,5.4917,,
502,T-power Beringen power station,Natural Gas,CCGT,PP,BE,422.0,0.55,0.0,0,0,0,2011.0,2011.0,,2040,51.0586,5.1056,,
503,Vilvoorde power station,Natural Gas,OCGT,PP,BE,255.0,0.35,0.0,0,0,0,2001.0,2001.0,,2040,50.9414,4.4246,,
504,Jertovec power station,Natural Gas,CCGT,PP,HR,78.0,0.55,0.0,0,0,0,2012.0,2012.0,,2040,46.03876,16.17929,,
505,Kladno power station,Natural Gas,OCGT,PP,CZ,51.0,0.35,0.0,0,0,0,2006.0,2006.0,,2040,50.1535,14.12858,,
506,Prostejov power station,Natural Gas,OCGT,PP,CZ,58.0,0.35,0.0,0,0,0,2013.0,2013.0,,2040,49.462471,17.143524,,
507,Esbjerg Reserve power station,Natural Gas,OCGT,PP,DK,25.0,0.35,0.0,0,0,0,2005.0,2005.0,,2040,55.46181,8.46562,,
508,Grenaa Reserve power station,Natural Gas,OCGT,PP,DK,25.0,0.35,0.0,0,0,0,2008.0,2008.0,,2040,56.42181,10.89476,,
509,Fyns power station,Natural Gas,CCGT,PP,DK,362.0,0.55,0.0,0,0,0,2024.0,2024.0,,2040,55.42941166,10.41021168,,
510,IRU Elektrijaam power station,Natural Gas,CCGT,PP,EE,173.0,0.45,0.0,0,0,0,1982.0,1982.0,,2040,24.9246,59.4514,,
511,Bayet Combined Cycle power station,Natural Gas,CCGT,PP,FR,401.0,0.55,0.0,0,0,0,2011.0,2011.0,,2040,46.2731,3.3007,,
512,Blenod power station,Natural Gas,CCGT,PP,FR,427.0,0.55,0.0,0,0,0,2011.0,2011.0,,2040,48.86898,6.08415,,
513,Bouchain power station,Natural Gas,CCGT,PP,FR,585.0,0.55,0.0,0,0,0,2016.0,2016.0,,2040,50.2987,3.3156,,
514,Combigolfe power station,Natural Gas,CCGT,PP,FR,425.0,0.55,0.0,0,0,0,2010.0,2010.0,,2040,43.4072,4.8676,,
515,Croix-de-Metz (Toul) power station,Natural Gas,CCGT,PP,FR,413.0,0.55,0.0,0,0,0,2012.0,2012.0,,2040,48.69336,5.91468,,
516,Cycofos power station,Natural Gas,CCGT,PP,FR,428.0,0.55,0.0,0,0,0,2009.0,2009.0,,2040,43.42801,4.88652,,
517,Emile Huchet power station,Natural Gas,CCGT,PP,FR,413.0,0.55,0.0,0,0,0,2010.0,2010.0,,2040,49.1526,6.7018,,
518,Emile Huchet power station,Natural Gas,CCGT,PP,FR,413.0,0.55,0.0,0,0,0,2010.0,2010.0,,2040,49.1526,6.7018,,
519,Gennevilliers power station,Natural Gas,OCGT,PP,FR,203.0,0.35,0.0,0,0,0,1994.0,1994.0,,2040,48.93699,2.26144,,
520,Landivisiau power station,Natural Gas,CCGT,PP,FR,446.0,0.55,0.0,0,0,0,2022.0,2022.0,,2040,48.51013,-4.07327,,
521,Martigues-Ponteau power station,Natural Gas,CCGT,PP,FR,465.0,0.55,0.0,0,0,0,2012.0,2012.0,,2040,43.35822,5.02112,,
522,Martigues-Ponteau power station,Natural Gas,CCGT,PP,FR,465.0,0.55,0.0,0,0,0,2013.0,2013.0,,2040,43.35822,5.02112,,
523,Montoir-De-Bretagne power station,Natural Gas,CCGT,PP,FR,435.0,0.55,0.0,0,0,0,2010.0,2010.0,,2040,47.30721,-2.13716,,
524,Pont sur sambre power station,Natural Gas,CCGT,PP,FR,412.0,0.55,0.0,0,0,0,2009.0,2009.0,,2040,50.22915,3.86807,,
525,Irsching power station,Natural Gas,CCGT,PP,DE,583.74,0.55,0.0,0,0,0,2010.0,2010.0,,2040,48.767,11.58,,
526,Knapsack Gas power station,Natural Gas,CCGT,PP,DE,552.0,0.55,0.0,0,0,0,2007.0,2007.0,,2040,50.859,6.841,,
527,Staudinger power station,Natural Gas,Steam Turbine,PP,DE,622.0,0.35,0.0,0,0,0,1977.0,1977.0,,2040,50.0886,8.9534,,
528,Irsching power station,Natural Gas,CCGT,PP,DE,387.09,0.55,0.0,0,0,0,2011.0,2011.0,,2040,48.767,11.58,,
529,Mittelsb?ren power station,Natural Gas,Steam Turbine,PP,DE,445.0,0.35,0.0,0,0,0,2016.0,2016.0,,2040,53.12891,8.68524,,
530,Franken 1 power station,Natural Gas,CCGT,PP,DE,303.59999999999997,0.45,0.0,0,0,0,1976.0,1976.0,,2040,49.4208,11.0077,,
531,Knapsack Gas power station,Natural Gas,CCGT,PP,DE,296.7,0.55,0.0,0,0,0,2013.0,2013.0,,2040,50.859,6.841,,
532,Trianel Hamm power station,Natural Gas,CCGT,PP,DE,290.48999999999995,0.55,0.0,0,0,0,2008.0,2008.0,,2040,51.67395,7.92915,,
533,Cuno herdecke power station,Natural Gas,CCGT,PP,DE,287.72999999999996,0.55,0.0,0,0,0,2007.0,2007.0,,2040,51.40313,7.4155,,
534,Trianel Hamm power station,Natural Gas,CCGT,PP,DE,287.72999999999996,0.55,0.0,0,0,0,2008.0,2008.0,,2040,51.67395,7.92915,,
535,Irsching power station,Natural Gas,Steam Turbine,PP,DE,415.0,0.35,0.0,0,0,0,1974.0,1974.0,,2040,48.767,11.58,,
536,Franken 1 power station,Natural Gas,CCGT,PP,DE,264.27,0.45,0.0,0,0,0,1973.0,1973.0,,2040,49.4208,11.0077,,
537,RDK (Karlsruhe) power station,Natural Gas,CCGT,PP,DE,243.57,0.5,0.0,0,0,0,1998.0,1998.0,,2040,49.0125,8.30278,,
538,Huntorf power station,Natural Gas,OCGT,PP,DE,321.0,0.35,0.0,0,0,0,1978.0,1978.0,,2040,53.18969,8.40869,,
539,Leipheim power station,Natural Gas,OCGT,PP,DE,319.0,0.35,0.0,0,0,0,2024.0,2024.0,,2040,48.44078,10.2526,,
540,Irsching power station,Natural Gas,OCGT,PP,DE,300.0,0.35,0.0,0,0,0,2022.0,2022.0,,2040,48.767,11.58,,
541,Weisweiler power station,Natural Gas,OCGT,PP,DE,200.0,0.35,0.0,0,0,0,2006.0,2006.0,,2040,50.8392,6.3211,,
542,Weisweiler power station,Natural Gas,OCGT,PP,DE,200.0,0.35,0.0,0,0,0,2006.0,2006.0,,2040,50.8392,6.3211,,
543,Kirchm?ser power station,Natural Gas,CCGT,PP,DE,110.39999999999999,0.5,0.0,0,0,0,1994.0,1994.0,,2040,52.3942,12.4181,,
544,Kirchlengern power station,Natural Gas,CCGT,PP,DE,86.25,0.45,0.0,0,0,0,1981.0,1981.0,,2040,52.196217,8.647442,,
545,Darmstadt power station,Natural Gas,OCGT,PP,DE,95.0,0.35,0.0,0,0,0,2013.0,2013.0,,2040,49.8849,8.6501,,
546,Altbach power station,Natural Gas,OCGT,PP,DE,81.0,0.35,0.0,0,0,0,1975.0,1975.0,,2040,48.71719,9.37079,,
547,Lausward power station,Natural Gas,OCGT,PP,DE,67.0,0.35,0.0,0,0,0,1974.0,1974.0,,2040,51.2214,6.7313,,
548,Lausward power station,Natural Gas,OCGT,PP,DE,65.0,0.35,0.0,0,0,0,1975.0,1975.0,,2040,51.2214,6.7313,,
549,Altbach power station,Natural Gas,OCGT,PP,DE,57.0,0.35,0.0,0,0,0,1973.0,1973.0,,2040,48.71719,9.37079,,
550,Robert Frank power station,Natural Gas,OCGT,PP,DE,56.0,0.35,0.0,0,0,0,1973.0,1973.0,,2040,52.54585,9.11363,,
551,Robert Frank power station,Natural Gas,OCGT,PP,DE,56.0,0.35,0.0,0,0,0,1973.0,1973.0,,2040,52.54585,9.11363,,
552,Gersteinwerk power station,Natural Gas,OCGT,PP,DE,1035.0,0.35,0.0,0,0,0,1973.0,1973.0,,2040,51.6725,7.7099,,
553,Emden power station,Natural Gas,OCGT,PP,DE,52.0,0.35,0.0,0,0,0,1973.0,1973.0,,2040,53.3422,7.2062,,
554,Altbach power station,Natural Gas,OCGT,PP,DE,50.0,0.35,0.0,0,0,0,1971.0,1971.0,,2040,48.71719,9.37079,,
555,Freimann power station,Natural Gas,OCGT,PP,DE,50.0,0.35,0.0,0,0,0,2020.0,2020.0,,2040,48.1889,11.5957,,
556,Wolfen Envia power station,Natural Gas,Steam Turbine,PP,DE,40.0,0.35,0.0,0,0,0,1997.0,1997.0,,2040,51.62448,12.30515,,
557,Ahrensfelde power station,Natural Gas,OCGT,PP,DE,38.0,0.35,0.0,0,0,0,1990.0,1990.0,,2040,52.5896,13.5586,,
558,Ahrensfelde power station,Natural Gas,OCGT,PP,DE,38.0,0.35,0.0,0,0,0,1990.0,1990.0,,2040,52.5896,13.5586,,
559,Ahrensfelde power station,Natural Gas,OCGT,PP,DE,38.0,0.35,0.0,0,0,0,1990.0,1990.0,,2040,52.5896,13.5586,,
560,Ahrensfelde power station,Natural Gas,OCGT,PP,DE,38.0,0.35,0.0,0,0,0,1990.0,1990.0,,2040,52.5896,13.5586,,
561,Thyrow power station,Natural Gas,OCGT,PP,DE,38.0,0.35,0.0,0,0,0,1989.0,1989.0,,2040,52.2302,13.3019,,
562,Thyrow power station,Natural Gas,OCGT,PP,DE,36.0,0.35,0.0,0,0,0,1987.0,1987.0,,2040,52.2302,13.3019,,
563,Thyrow power station,Natural Gas,OCGT,PP,DE,36.0,0.35,0.0,0,0,0,1987.0,1987.0,,2040,52.2302,13.3019,,
564,Thyrow power station,Natural Gas,OCGT,PP,DE,36.0,0.35,0.0,0,0,0,1987.0,1987.0,,2040,52.2302,13.3019,,
565,Thyrow power station,Natural Gas,OCGT,PP,DE,36.0,0.35,0.0,0,0,0,1987.0,1987.0,,2040,52.2302,13.3019,,
566,Biblis power station,Natural Gas,OCGT,PP,DE,34.0,0.35,0.0,0,0,0,2022.0,2022.0,,2040,49.7092064,8.4069763,,
567,Biblis power station,Natural Gas,OCGT,PP,DE,34.0,0.35,0.0,0,0,0,2022.0,2022.0,,2040,49.7092064,8.4069763,,
568,Biblis power station,Natural Gas,OCGT,PP,DE,34.0,0.35,0.0,0,0,0,2022.0,2022.0,,2040,49.7092064,8.4069763,,
569,Biblis power station,Natural Gas,OCGT,PP,DE,34.0,0.35,0.0,0,0,0,2022.0,2022.0,,2040,49.7092064,8.4069763,,
570,Biblis power station,Natural Gas,OCGT,PP,DE,34.0,0.35,0.0,0,0,0,2022.0,2022.0,,2040,49.7092064,8.4069763,,
571,Biblis power station,Natural Gas,OCGT,PP,DE,34.0,0.35,0.0,0,0,0,2022.0,2022.0,,2040,49.7092064,8.4069763,,
572,Biblis power station,Natural Gas,OCGT,PP,DE,34.0,0.35,0.0,0,0,0,2022.0,2022.0,,2040,49.7092064,8.4069763,,
573,Biblis power station,Natural Gas,OCGT,PP,DE,34.0,0.35,0.0,0,0,0,2022.0,2022.0,,2040,49.7092064,8.4069763,,
574,Biblis power station,Natural Gas,OCGT,PP,DE,34.0,0.35,0.0,0,0,0,2022.0,2022.0,,2040,49.7092064,8.4069763,,
575,Biblis power station,Natural Gas,OCGT,PP,DE,34.0,0.35,0.0,0,0,0,2022.0,2022.0,,2040,49.7092064,8.4069763,,
576,Biblis power station,Natural Gas,OCGT,PP,DE,34.0,0.35,0.0,0,0,0,2022.0,2022.0,,2040,49.7092064,8.4069763,,
577,Agios Nikolaos power station,Natural Gas,CCGT,PP,GR,432.0,0.55,0.0,0,0,0,2011.0,2011.0,,2040,38.3585,22.6883,,
578,Aliveri power station,Natural Gas,CCGT,PP,GR,417.0,0.55,0.0,0,0,0,2013.0,2013.0,,2040,38.3896,24.0524,,
579,Komotini power station,Natural Gas,CCGT,PP,GR,476.0,0.55,0.0,0,0,0,2002.0,2002.0,,2040,41.0646,25.4899,,
580,Korinthos power station,Natural Gas,CCGT,PP,GR,433.0,0.55,0.0,0,0,0,2011.0,2011.0,,2040,37.9208,23.0665,,
581,Lavrio power station,Natural Gas,CCGT,PP,GR,550.0,0.5,0.0,0,0,0,1997.0,1997.0,,2040,37.7463,24.0666,,
582,Lavrio power station,Natural Gas,CCGT,PP,GR,378.0,0.55,0.0,0,0,0,2006.0,2006.0,,2040,37.7463,24.0666,,
583,Thessaloniki power station,Natural Gas,CCGT,PP,GR,400.0,0.55,0.0,0,0,0,2005.0,2005.0,,2040,40.6879,22.88402,,
584,Thisvi Elpedison power station,Natural Gas,CCGT,PP,GR,410.0,0.55,0.0,0,0,0,2010.0,2010.0,,2040,38.2369,22.949,,
585,Thiva Heron power station,Natural Gas,OCGT,PP,GR,49.0,0.35,0.0,0,0,0,2004.0,2004.0,,2040,38.27948,23.32825,,
586,Thiva Heron power station,Natural Gas,OCGT,PP,GR,49.0,0.35,0.0,0,0,0,2004.0,2004.0,,2040,38.27948,23.32825,,
587,Thiva Heron power station,Natural Gas,OCGT,PP,GR,49.0,0.35,0.0,0,0,0,2004.0,2004.0,,2040,38.27948,23.32825,,
588,Agios Nikolaos power station,Natural Gas,CCGT,PP,GR,826.0,0.55,0.0,0,0,0,2022.0,2022.0,,2040,38.3585,22.6883,,
589,Thessaloniki power station,Natural Gas,CCGT,PP,GR,826.0,0.55,0.0,0,0,0,2024.0,2024.0,,2040,40.6879,22.88402,,
590,Agios Georgios power station,Natural Gas,Steam Turbine,PP,GR,160.0,0.35,0.0,0,0,0,1968.0,1968.0,,2040,37.95429,23.61023,,
591,Agios Georgios power station,Natural Gas,Steam Turbine,PP,GR,200.0,0.35,0.0,0,0,0,1971.0,1971.0,,2040,37.95429,23.61023,,
592,Megalopoli power station,Natural Gas,CCGT,PP,GR,406.0,0.55,0.0,0,0,0,2015.0,2015.0,,2040,37.417449,22.107892,,
593,Megalopoli power station,Natural Gas,CCGT,PP,GR,406.0,0.55,0.0,0,0,0,2015.0,2015.0,,2040,37.417449,22.107892,,
594,Ajka power station,Natural Gas,OCGT,PP,HU,57.0,0.35,0.0,0,0,0,2011.0,2011.0,,2040,47.095,17.556,,
595,Ajka power station,Natural Gas,OCGT,PP,HU,57.0,0.35,0.0,0,0,0,2011.0,2011.0,,2040,47.095,17.556,,
596,Dunamenti power station,Natural Gas,CCGT,PP,HU,496.0,0.55,0.0,0,0,0,2011.0,2011.0,,2040,47.3283,18.9169,,
597,G?nyui power station,Natural Gas,CCGT,PP,HU,427.0,0.55,0.0,0,0,0,2011.0,2011.0,,2040,47.7384,17.8033,,
598,Liter power station,Natural Gas,OCGT,PP,HU,120.0,0.35,0.0,0,0,0,1998.0,1998.0,,2040,47.1075,18.0143,,
599,Lorinci power station,Natural Gas,OCGT,PP,HU,173.0,0.35,0.0,0,0,0,2000.0,2000.0,,2040,19.67776,47.716425,,
600,Sajoszoged power station,Natural Gas,OCGT,PP,HU,155.0,0.35,0.0,0,0,0,1998.0,1998.0,,2040,47.94,20.968,,
601,Aghada power station,Natural Gas,OCGT,PP,IE,90.0,0.35,0.0,0,0,0,1980.0,1980.0,,2040,51.8347,-8.2362,,
602,Aghada power station,Natural Gas,OCGT,PP,IE,90.0,0.35,0.0,0,0,0,1980.0,1980.0,,2040,51.8347,-8.2362,,
603,Aghada power station,Natural Gas,OCGT,PP,IE,90.0,0.35,0.0,0,0,0,1980.0,1980.0,,2040,51.8347,-8.2362,,
604,Aghada power station,Natural Gas,CCGT,PP,IE,431.0,0.55,0.0,0,0,0,2010.0,2010.0,,2040,51.8347,-8.2362,,
605,Dublin Bay power station,Natural Gas,CCGT,PP,IE,405.0,0.55,0.0,0,0,0,2002.0,2002.0,,2040,53.34,-6.2049,,
606,Great Island power station,Natural Gas,CCGT,PP,IE,431.0,0.55,0.0,0,0,0,2015.0,2015.0,,2040,52.281,-6.991,,
607,Huntstown power station,Natural Gas,CCGT,PP,IE,342.0,0.55,0.0,0,0,0,2002.0,2002.0,,2040,53.4119,-6.3261,,
608,Huntstown power station,Natural Gas,CCGT,PP,IE,400.0,0.55,0.0,0,0,0,2007.0,2007.0,,2040,53.4119,-6.3261,,
609,Poolbeg power station,Natural Gas,CCGT,PP,IE,245.0,0.5,0.0,0,0,0,1994.0,1994.0,,2040,53.3396,-6.1867,,
610,Poolbeg power station,Natural Gas,CCGT,PP,IE,245.0,0.5,0.0,0,0,0,1998.0,1998.0,,2040,53.3396,-6.1867,,
611,Tynagh power station,Natural Gas,CCGT,PP,IE,404.0,0.55,0.0,0,0,0,2006.0,2006.0,,2040,53.1658,-8.381,,
612,Whitegate power station,Natural Gas,CCGT,PP,IE,435.0,0.55,0.0,0,0,0,2010.0,2010.0,,2040,51.8161,-8.2511,,
613,Corduff Flexgen power station,Natural Gas,OCGT,PP,IE,75.0,0.35,0.0,0,0,0,2024.0,2024.0,,2040,53.3911,-6.3748,,
614,Poolbeg power station,Natural Gas,OCGT,PP,IE,70.0,0.35,0.0,0,0,0,2024.0,2024.0,,2040,53.3396,-6.1867,,
615,Altomonte power station,Natural Gas,CCGT,PP,IT,808.0,0.475,0.0,0,0,0,2006.0,2006.0,,2040,39.7118,16.215,,
616,Aprilia power station,Natural Gas,CCGT,PP,IT,787.0,0.475,0.0,0,0,0,2012.0,2012.0,,2040,41.5616,12.6337,,
617,Azotati power station,Natural Gas,CCGT,PP,IT,236.0,0.475,0.0,0,0,0,1992.0,1992.0,,2040,45.4511,12.2239,,
618,Bertonico - Turano Lodigliano power station,Natural Gas,CCGT,PP,IT,800.0,0.475,0.0,0,0,0,2011.0,2011.0,,2040,45.2268,9.6377,,
619,Boffalora power station,Natural Gas,CCGT,PP,IT,88.0,0.475,0.0,0,0,0,1988.0,1988.0,,2040,45.45597,8.79646,,
620,Borgo Trento power station,Natural Gas,CCGT,PP,IT,29.0,0.475,0.0,0,0,0,1994.0,1994.0,,2040,45.44848,10.98074,,
621,Candela power station,Natural Gas,CCGT,PP,IT,401.0,0.475,0.0,0,0,0,2005.0,2005.0,,2040,41.2014,15.4762,,
622,Castelmassa power station,Natural Gas,CCGT,PP,IT,54.0,0.475,0.0,0,0,0,1994.0,1994.0,,2040,45.02131,11.31159,,
623,Chivasso power station,Natural Gas,CCGT,PP,IT,753.0,0.475,0.0,0,0,0,2004.0,2004.0,,2040,45.1856,7.9016,,
624,Chivasso power station,Natural Gas,CCGT,PP,IT,370.0,0.475,0.0,0,0,0,2005.0,2005.0,,2040,45.1856,7.9016,,
625,Cologno Monzese power station,Natural Gas,CCGT,PP,IT,50.0,0.475,0.0,0,0,0,1998.0,1998.0,,2040,45.53356,9.26311,,
626,Elettrogorizia power station,Natural Gas,CCGT,PP,IT,50.0,0.475,0.0,0,0,0,2006.0,2006.0,,2040,45.93844,13.6059,,
627,Gissi power station,Natural Gas,CCGT,PP,IT,420.0,0.475,0.0,0,0,0,2008.0,2008.0,,2040,42.0502,14.5639,,
628,Gissi power station,Natural Gas,CCGT,PP,IT,420.0,0.475,0.0,0,0,0,2008.0,2008.0,,2040,42.0502,14.5639,,
629,La Casella power station,Natural Gas,CCGT,PP,IT,381.0,0.475,0.0,0,0,0,2002.0,2002.0,,2040,45.0904,9.4805,,
630,La Casella power station,Natural Gas,CCGT,PP,IT,381.0,0.475,0.0,0,0,0,2003.0,2003.0,,2040,45.0904,9.4805,,
631,La Casella power station,Natural Gas,CCGT,PP,IT,381.0,0.475,0.0,0,0,0,2003.0,2003.0,,2040,45.0904,9.4805,,
632,Larino power station,Natural Gas,OCGT,PP,IT,124.0,0.35,0.0,0,0,0,1992.0,1992.0,,2040,41.81949,14.96602,,
633,Larino power station,Natural Gas,OCGT,PP,IT,124.0,0.35,0.0,0,0,0,1992.0,1992.0,,2040,41.81949,14.96602,,
634,Marghera Levante power station,Natural Gas,CCGT,PP,IT,766.0,0.475,0.0,0,0,0,2001.0,2001.0,,2040,45.4458,12.2552,,
635,Melfi Fiat Sata power station,Natural Gas,OCGT,PP,IT,32.0,0.35,0.0,0,0,0,2008.0,2008.0,,2040,41.07594,15.71406,,
636,Modugno power station,Natural Gas,CCGT,PP,IT,800.0,0.475,0.0,0,0,0,2010.0,2010.0,,2040,41.1025,16.756,,
637,Napoli Levante power station,Natural Gas,CCGT,PP,IT,400.0,0.475,0.0,0,0,0,2009.0,2009.0,,2040,40.8339,14.3006,,
638,Ostiglia power station,Natural Gas,CCGT,PP,IT,392.0,0.475,0.0,0,0,0,2003.0,2003.0,,2040,45.0603,11.1374,,
639,Ostiglia power station,Natural Gas,CCGT,PP,IT,384.0,0.475,0.0,0,0,0,2003.0,2003.0,,2040,45.0603,11.1374,,
640,Pietrafitta power station,Natural Gas,CCGT,PP,IT,365.0,0.475,0.0,0,0,0,2003.0,2003.0,,2040,42.9954,12.1995,,
641,Ponti sul Mincio power station,Natural Gas,CCGT,PP,IT,400.0,0.475,0.0,0,0,0,1983.0,1983.0,,2040,45.3993,10.7142,,
642,Porto Empedocle power station,Natural Gas,OCGT,PP,IT,80.0,0.35,0.0,0,0,0,2015.0,2015.0,,2040,37.28757,13.52117,,
643,Porto Corsini power station,Natural Gas,CCGT,PP,IT,350.0,0.475,0.0,0,0,0,2002.0,2002.0,,2040,44.4836,12.2652,,
644,Porto Corsini power station,Natural Gas,CCGT,PP,IT,354.0,0.475,0.0,0,0,0,2002.0,2002.0,,2040,44.4836,12.2652,,
645,Rizziconi power station,Natural Gas,CCGT,PP,IT,384.0,0.475,0.0,0,0,0,2008.0,2008.0,,2040,38.4453,15.99,,
646,Rizziconi power station,Natural Gas,CCGT,PP,IT,384.0,0.475,0.0,0,0,0,2008.0,2008.0,,2040,38.4453,15.99,,
647,Rossano power station,Natural Gas,OCGT,PP,IT,112.0,0.35,0.0,0,0,0,1995.0,1995.0,,2040,39.6218,16.6084,,
648,Rossano power station,Natural Gas,OCGT,PP,IT,112.0,0.35,0.0,0,0,0,1996.0,1996.0,,2040,39.6218,16.6084,,
649,Santa Barbara power station,Natural Gas,CCGT,PP,IT,392.0,0.475,0.0,0,0,0,2006.0,2006.0,,2040,43.565,11.4777,,
650,Scandale power station,Natural Gas,CCGT,PP,IT,407.0,0.475,0.0,0,0,0,2010.0,2010.0,,2040,39.1022,17.0325,,
651,Scandale power station,Natural Gas,CCGT,PP,IT,407.0,0.475,0.0,0,0,0,2010.0,2010.0,,2040,39.1022,17.0325,,
652,Serene Sulmona power station,Natural Gas,CCGT,PP,IT,48.0,0.475,0.0,0,0,0,1998.0,1998.0,,2040,42.07722,13.90195,,
653,Serene Termoli power station,Natural Gas,CCGT,PP,IT,48.0,0.475,0.0,0,0,0,1998.0,1998.0,,2040,41.9567,14.9963,,
654,Serene Termoli power station,Natural Gas,CCGT,PP,IT,48.0,0.475,0.0,0,0,0,1998.0,1998.0,,2040,41.9567,14.9963,,
655,Sermide power station,Natural Gas,CCGT,PP,IT,385.0,0.475,0.0,0,0,0,2004.0,2004.0,,2040,45.0265,11.2522,,
656,Sermide power station,Natural Gas,CCGT,PP,IT,766.0,0.475,0.0,0,0,0,2004.0,2004.0,,2040,45.0265,11.2522,,
657,Sesto San Giovanni power station,Natural Gas,CCGT,PP,IT,55.0,0.475,0.0,0,0,0,1994.0,1994.0,,2040,45.5417,9.2539,,
658,Sesto San Giovanni power station,Natural Gas,CCGT,PP,IT,56.0,0.475,0.0,0,0,0,2004.0,2004.0,,2040,45.5417,9.2539,,
659,Settimo Torinese power station,Natural Gas,CCGT,PP,IT,50.0,0.475,0.0,0,0,0,1995.0,1995.0,,2040,45.12611,7.73778,,
660,Simeri Crichi power station,Natural Gas,CCGT,PP,IT,885.0,0.475,0.0,0,0,0,2008.0,2008.0,,2040,38.8759,16.6569,,
661,Sparanise power station,Natural Gas,CCGT,PP,IT,380.0,0.475,0.0,0,0,0,2007.0,2007.0,,2040,41.1783,14.1129,,
662,Sparanise power station,Natural Gas,CCGT,PP,IT,380.0,0.475,0.0,0,0,0,2007.0,2007.0,,2040,41.1783,14.1129,,
663,Tavazzano power station,Natural Gas,CCGT,PP,IT,765.0,0.475,0.0,0,0,0,2005.0,2005.0,,2040,45.3325,9.4364,,
664,Tavazzano power station,Natural Gas,CCGT,PP,IT,385.0,0.475,0.0,0,0,0,2005.0,2005.0,,2040,45.3325,9.4364,,
665,Tenaris Dalmine power station,Natural Gas,CCGT,PP,IT,122.0,0.475,0.0,0,0,0,2007.0,2007.0,,2040,45.63919,9.60481,,
666,Termini Imerese power station,Natural Gas,CCGT,PP,IT,735.0,0.475,0.0,0,0,0,2004.0,2004.0,,2040,37.96801,13.75079,,
667,Termoli power station,Natural Gas,CCGT,PP,IT,769.0,0.475,0.0,0,0,0,2006.0,2006.0,,2040,41.9369,15.0004,,
668,Terni power station,Natural Gas,CCGT,PP,IT,95.0,0.475,0.0,0,0,0,2000.0,2000.0,,2040,42.554,12.6176,,
669,Torino Mirafiori power station,Natural Gas,CCGT,PP,IT,146.0,0.475,0.0,0,0,0,1990.0,1990.0,,2040,45.02666,7.63078,,
670,Torviscosa power station,Natural Gas,CCGT,PP,IT,760.0,0.475,0.0,0,0,0,2006.0,2006.0,,2040,45.817,13.2891,,
671,Trapani power station,Natural Gas,OCGT,PP,IT,108.0,0.35,0.0,0,0,0,1987.0,1987.0,,2040,37.87674,12.58922,,
672,Trapani power station,Natural Gas,OCGT,PP,IT,108.0,0.35,0.0,0,0,0,1988.0,1988.0,,2040,37.87674,12.58922,,
673,Turbigo power station,Natural Gas,CCGT,PP,IT,855.0,0.475,0.0,0,0,0,2008.0,2008.0,,2040,45.52051,8.74128,,
674,Vado Ligure power station,Natural Gas,CCGT,PP,IT,793.0,0.475,0.0,0,0,0,2007.0,2007.0,,2040,44.2755,8.4305,,
675,Voghera power station,Natural Gas,CCGT,PP,IT,381.0,0.475,0.0,0,0,0,2005.0,2005.0,,2040,45.0296,8.9723,,
676,Volta Testi power station,Natural Gas,CCGT,PP,IT,59.0,0.475,0.0,0,0,0,2010.0,2010.0,,2040,43.5854,11.30953,,
677,Andrea Palladio power station,Natural Gas,OCGT,PP,IT,560.0,0.35,0.0,0,0,0,2024.0,2024.0,,2040,45.4314,12.2468,,
678,Marghera Levante power station,Natural Gas,CCGT,PP,IT,780.0,0.475,0.0,0,0,0,2022.0,2022.0,,2040,45.4458,12.2552,,
679,Pace Del Mela power station,Natural Gas,OCGT,PP,IT,60.0,0.35,0.0,0,0,0,2022.0,2022.0,,2040,38.20090009,15.29811325,,
680,Presenzano Edison power station,Natural Gas,CCGT,PP,IT,760.0,0.475,0.0,0,0,0,2024.0,2024.0,,2040,41.376619,14.07642,,
681,Tavazzano power station,Natural Gas,OCGT,PP,IT,560.0,0.35,0.0,0,0,0,2024.0,2024.0,,2040,45.3325,9.4364,,
682,Tavazzano power station,Natural Gas,Steam Turbine,PP,IT,290.0,0.35,0.0,0,0,0,2024.0,2024.0,,2040,45.3325,9.4364,,
683,Livorno Ferraris power station,Natural Gas,CCGT,PP,IT,805.0,0.475,0.0,0,0,0,2008.0,2008.0,,2040,45.2817294,8.0849182,,
684,Ostiglia power station,Natural Gas,CCGT,PP,IT,392.0,0.475,0.0,0,0,0,2003.0,2003.0,,2040,45.0603,11.1374,,
685,Lietuvos power station,Natural Gas,OCGT,PP,LT,300.0,0.35,0.0,0,0,0,2008.0,2008.0,,2040,24.6474,54.7701,,
686,Lietuvos power station,Natural Gas,OCGT,PP,LT,300.0,0.35,0.0,0,0,0,2008.0,2008.0,,2040,24.6474,54.7701,,
687,Lietuvos power station,Natural Gas,CCGT,PP,LT,445.0,0.55,0.0,0,0,0,2012.0,2012.0,,2040,24.6474,54.7701,,
688,Almere power station,Natural Gas,CCGT,PP,NL,60.0,0.45,0.0,0,0,0,1988.0,1988.0,,2040,52.3883,5.2158,,
689,Almere power station,Natural Gas,CCGT,PP,NL,60.0,0.5,0.0,0,0,0,1993.0,1993.0,,2040,52.3883,5.2158,,
690,Claus power station,Natural Gas,CCGT,PP,NL,1304.0,0.55,0.0,0,0,0,2012.0,2012.0,,2040,51.1541244,5.909455679,,
691,Delesto power station,Natural Gas,OCGT,PP,NL,180.0,0.35,0.0,0,0,0,1987.0,1987.0,,2040,53.3185,6.9544,,
692,Den Haag power station,Natural Gas,CCGT,PP,NL,112.0,0.45,0.0,0,0,0,1982.0,1982.0,,2040,52.07659,4.29065,,
693,Geleen Plant power station,Natural Gas,Steam Turbine,PP,NL,24.0,0.35,0.0,0,0,0,1970.0,1970.0,,2040,50.98531,5.79004,,
694,Helmond Promest Vkc power station,Natural Gas,CCGT,PP,NL,34.0,0.5,0.0,0,0,0,1994.0,1994.0,,2040,51.47371,5.58316,,
695,Hemweg power station,Natural Gas,CCGT,PP,NL,440.0,0.55,0.0,0,0,0,2012.0,2012.0,,2040,52.4049,4.8465,,
696,Leiden power station,Natural Gas,CCGT,PP,NL,85.0,0.45,0.0,0,0,0,1986.0,1986.0,,2040,52.1641,4.4941,,
697,Maasstroom power station,Natural Gas,CCGT,PP,NL,426.0,0.55,0.0,0,0,0,2010.0,2010.0,,2040,51.8901,4.352,,
698,Maastricht Mill power station,Natural Gas,CCGT,PP,NL,52.0,0.5,0.0,0,0,0,1995.0,1995.0,,2040,50.85798,5.69025,,
699,Magnum (Eemshaven) power station,Natural Gas,CCGT,PP,NL,470.0,0.55,0.0,0,0,0,2013.0,2013.0,,2040,53.4502,6.8548,,
700,Magnum (Eemshaven) power station,Natural Gas,CCGT,PP,NL,470.0,0.55,0.0,0,0,0,2013.0,2013.0,,2040,53.4502,6.8548,,
701,Magnum (Eemshaven) power station,Natural Gas,CCGT,PP,NL,470.0,0.55,0.0,0,0,0,2013.0,2013.0,,2040,53.4502,6.8548,,
702,Maxima power station,Natural Gas,CCGT,PP,NL,423.0,0.55,0.0,0,0,0,2010.0,2010.0,,2040,52.5772,5.53,,
703,Maxima power station,Natural Gas,CCGT,PP,NL,415.0,0.55,0.0,0,0,0,2010.0,2010.0,,2040,52.5772,5.53,,
704,Rotterdam Capelle (RoCa) power station,Natural Gas,CCGT,PP,NL,220.0,0.5,0.0,0,0,0,1996.0,1996.0,,2040,51.95366,4.56155,,
705,Sloe power station,Natural Gas,CCGT,PP,NL,435.0,0.55,0.0,0,0,0,2010.0,2010.0,,2040,51.4482,3.6928,,
706,Sloe power station,Natural Gas,CCGT,PP,NL,435.0,0.55,0.0,0,0,0,2010.0,2010.0,,2040,51.4482,3.6928,,
707,Bergum power station,Natural Gas,OCGT,PP,NL,72.0,0.35,0.0,0,0,0,2019.0,2019.0,,2040,53.20975,6.02959,,
708,Bergum power station,Natural Gas,OCGT,PP,NL,72.0,0.35,0.0,0,0,0,2019.0,2019.0,,2040,53.20975,6.02959,,
709,EEM power station,Natural Gas,CCGT,PP,NL,360.0,0.5,0.0,0,0,0,1996.0,1996.0,,2040,53.44171,6.85605,,
710,EEM power station,Natural Gas,CCGT,PP,NL,360.0,0.5,0.0,0,0,0,1996.0,1996.0,,2040,53.44171,6.85605,,
711,EEM power station,Natural Gas,OCGT,PP,NL,131.0,0.35,0.0,0,0,0,1987.0,1987.0,,2040,53.44171,6.85605,,
712,Enecogen power station,Natural Gas,CCGT,PP,NL,422.0,0.55,0.0,0,0,0,2011.0,2011.0,,2040,51.957,4.0916,,
713,Enecogen power station,Natural Gas,CCGT,PP,NL,422.0,0.55,0.0,0,0,0,2011.0,2011.0,,2040,51.957,4.0916,,
714,Velsen power station,Natural Gas,CCGT,PP,NL,460.0,0.55,0.0,0,0,0,2011.0,2011.0,,2040,51.957,4.0916,,
715,Velsen power station,Natural Gas,CCGT,PP,NL,360.0,0.55,0.0,0,0,0,2011.0,2011.0,,2040,51.957,4.0916,,
716,Wierzchowice Ugs power station,Natural Gas,CCGT,PP,PL,40.0,0.55,0.0,0,0,0,2012.0,2012.0,,2040,51.4738945,17.305197,,
717,Wrotkw power station,Natural Gas,CCGT,PP,PL,231.0,0.55,0.0,0,0,0,2002.0,2002.0,,2040,51.2161,22.5583,,
718,Dolna Odra power station,Natural Gas,CCGT,PP,PL,717.0,0.55,0.0,0,0,0,2024.0,2024.0,,2040,53.20778,14.46722,,
719,Dolna Odra power station,Natural Gas,CCGT,PP,PL,717.0,0.55,0.0,0,0,0,2024.0,2024.0,,2040,53.20778,14.46722,,
720,Elecgas Pego power station,Natural Gas,CCGT,PP,PT,418.0,0.55,0.0,0,0,0,2011.0,2011.0,,2040,39.4689,-8.1113,,
721,Elecgas Pego power station,Natural Gas,CCGT,PP,PT,418.0,0.55,0.0,0,0,0,2011.0,2011.0,,2040,39.4689,-8.1113,,
722,Lares power station,Natural Gas,CCGT,PP,PT,413.0,0.55,0.0,0,0,0,2009.0,2009.0,,2040,40.1245,-8.775,,
723,Lares power station,Natural Gas,CCGT,PP,PT,413.0,0.55,0.0,0,0,0,2009.0,2009.0,,2040,40.1245,-8.775,,
724,Ribatejo power station,Natural Gas,CCGT,PP,PT,392.0,0.55,0.0,0,0,0,2003.0,2003.0,,2040,39.0118,-8.9521,,
725,Ribatejo power station,Natural Gas,CCGT,PP,PT,392.0,0.55,0.0,0,0,0,2004.0,2004.0,,2040,39.0118,-8.9521,,
726,Ribatejo power station,Natural Gas,CCGT,PP,PT,392.0,0.55,0.0,0,0,0,2006.0,2006.0,,2040,39.0118,-8.9521,,
727,Tapada do Outeiro power station,Natural Gas,CCGT,PP,PT,330.0,0.5,0.0,0,0,0,1998.0,1998.0,,2040,41.07,-8.4587,,
728,Tapada do Outeiro power station,Natural Gas,CCGT,PP,PT,330.0,0.5,0.0,0,0,0,1998.0,1998.0,,2040,41.07,-8.4587,,
729,Tapada do Outeiro power station,Natural Gas,CCGT,PP,PT,330.0,0.5,0.0,0,0,0,1999.0,1999.0,,2040,41.07,-8.4587,,
730,Iernut power station,Natural Gas,Steam Turbine,PP,RO,100.0,0.35,0.0,0,0,0,1964.0,1964.0,,2040,46.4677,24.1833,,
731,Iernut power station,Natural Gas,Steam Turbine,PP,RO,200.0,0.35,0.0,0,0,0,1966.0,1966.0,,2040,46.4677,24.1833,,
732,Petrom Brazi power station,Natural Gas,CCGT,PP,RO,832.0,0.55,0.0,0,0,0,2012.0,2012.0,,2040,44.880334,25.99896,,
733,Iernut power station,Natural Gas,CCGT,PP,RO,430.0,0.55,0.0,0,0,0,2022.0,2022.0,,2040,46.4677,24.1833,,
734,Malenice power station,Natural Gas,CCGT,PP,SK,420.0,0.55,0.0,0,0,0,2011.0,2011.0,,2040,48.4296,17.6978,,
735,Panick Dravce power station,Natural Gas,OCGT,PP,SK,50.0,0.35,0.0,0,0,0,2009.0,2009.0,,2040,48.28641,19.61488,,
736,Brestanica (TEB) power station,Natural Gas,OCGT,PP,SI,114.0,0.35,0.0,0,0,0,2000.0,2000.0,,2040,45.9975,15.4796,,
737,Brestanica (TEB) power station,Natural Gas,OCGT,PP,SI,114.0,0.35,0.0,0,0,0,2000.0,2000.0,,2040,45.9975,15.4796,,
738,Brestanica (TEB) power station,Natural Gas,OCGT,PP,SI,53.0,0.35,0.0,0,0,0,2018.0,2018.0,,2040,45.9975,15.4796,,
739,Brestanica (TEB) power station,Natural Gas,OCGT,PP,SI,56.0,0.35,0.0,0,0,0,2020.0,2020.0,,2040,45.9975,15.4796,,
740,Aceca 3 power station,Natural Gas,CCGT,PP,ES,386.0,0.55,0.0,0,0,0,2005.0,2005.0,,2040,39.9442,-3.8558,,
741,Aceca 4 power station,Natural Gas,CCGT,PP,ES,373.0,0.55,0.0,0,0,0,2006.0,2006.0,,2040,39.9427,-3.8548,,
742,Amorebieta power station,Natural Gas,CCGT,PP,ES,786.0,0.55,0.0,0,0,0,2005.0,2005.0,,2040,43.2347,-2.7497,,
743,Arcos de la Frontera power station,Natural Gas,CCGT,PP,ES,389.0,0.55,0.0,0,0,0,2005.0,2005.0,,2040,36.6721,-5.8164,,
744,Arcos de la Frontera power station,Natural Gas,CCGT,PP,ES,373.0,0.55,0.0,0,0,0,2005.0,2005.0,,2040,36.6721,-5.8164,,
745,Arcos de la Frontera power station,Natural Gas,CCGT,PP,ES,823.0,0.55,0.0,0,0,0,2005.0,2005.0,,2040,36.6721,-5.8164,,
746,Arrubal power station,Natural Gas,CCGT,PP,ES,395.0,0.55,0.0,0,0,0,2005.0,2005.0,,2040,42.4194,-2.2511,,
747,Arrubal power station,Natural Gas,CCGT,PP,ES,390.0,0.55,0.0,0,0,0,2005.0,2005.0,,2040,42.4194,-2.2511,,
748,As Pontes power station,Natural Gas,CCGT,PP,ES,856.0,0.55,0.0,0,0,0,2008.0,2008.0,,2040,43.4451,-7.8621,,
749,Bahia de Algeciras power station,Natural Gas,CCGT,PP,ES,821.0,0.55,0.0,0,0,0,2011.0,2011.0,,2040,36.1829,-5.3905,,
750,Bess 3 power station,Natural Gas,CCGT,PP,ES,412.0,0.55,0.0,0,0,0,2002.0,2002.0,,2040,41.41847,2.22859,,
751,Bess 4 power station,Natural Gas,CCGT,PP,ES,400.0,0.55,0.0,0,0,0,2002.0,2002.0,,2040,41.41847,2.22859,,
752,Bess 5 power station,Natural Gas,CCGT,PP,ES,859.0,0.55,0.0,0,0,0,2010.0,2010.0,,2040,41.41847,2.22859,,
753,Ca's Tresorer power station,Natural Gas,CCGT,PP,ES,230.0,0.55,0.0,0,0,0,2006.0,2006.0,,2040,39.5672,2.6895,,
754,Ca's Tresorer power station,Natural Gas,CCGT,PP,ES,230.0,0.55,0.0,0,0,0,2010.0,2010.0,,2040,39.5672,2.6895,,
755,Cartagena (Escombreras) power station,Natural Gas,CCGT,PP,ES,418.0,0.55,0.0,0,0,0,2006.0,2006.0,,2040,37.57274,-0.93841,,
756,Cartagena (Escombreras) power station,Natural Gas,CCGT,PP,ES,418.0,0.55,0.0,0,0,0,2006.0,2006.0,,2040,37.57274,-0.93841,,
757,Cartagena (Escombreras) power station,Natural Gas,CCGT,PP,ES,413.0,0.55,0.0,0,0,0,2006.0,2006.0,,2040,37.57274,-0.93841,,
758,Castejn power station,Natural Gas,CCGT,PP,ES,425.0,0.55,0.0,0,0,0,2002.0,2002.0,,2040,42.1718,-1.6773,,
759,Castejn power station,Natural Gas,CCGT,PP,ES,379.0,0.55,0.0,0,0,0,2003.0,2003.0,,2040,42.1718,-1.6773,,
760,Castejn power station,Natural Gas,CCGT,PP,ES,418.0,0.55,0.0,0,0,0,2003.0,2003.0,,2040,42.1718,-1.6773,,
761,Castelln power station,Natural Gas,CCGT,PP,ES,782.0,0.55,0.0,0,0,0,2002.0,2002.0,,2040,39.9592,-0.001,,
762,Castelln power station,Natural Gas,CCGT,PP,ES,839.0,0.55,0.0,0,0,0,2008.0,2008.0,,2040,39.9592,-0.001,,
763,Castelnou power station,Natural Gas,CCGT,PP,ES,791.0,0.55,0.0,0,0,0,2006.0,2006.0,,2040,41.2167,-0.2928,,
764,Cella Factory power station,Natural Gas,CCGT,PP,ES,25.0,0.5,0.0,0,0,0,1997.0,1997.0,,2040,40.45676,-1.248,,
765,Cristobal Coln power station,Natural Gas,CCGT,PP,ES,391.0,0.55,0.0,0,0,0,2006.0,2006.0,,2040,37.2156,-6.943,,
766,El Fangal power station,Natural Gas,CCGT,PP,ES,403.0,0.55,0.0,0,0,0,2006.0,2006.0,,2040,37.5709,-0.9458,,
767,El Fangal power station,Natural Gas,CCGT,PP,ES,401.0,0.55,0.0,0,0,0,2006.0,2006.0,,2040,37.5709,-0.9458,,
768,El Fangal power station,Natural Gas,CCGT,PP,ES,395.0,0.55,0.0,0,0,0,2006.0,2006.0,,2040,37.5709,-0.9458,,
769,Escatrn 3 power station,Natural Gas,CCGT,PP,ES,804.0,0.55,0.0,0,0,0,2007.0,2007.0,,2040,41.2977,-0.3376,,
770,Escatrn Peaker A.I.E. power station,Natural Gas,CCGT,PP,ES,275.0,0.55,0.0,0,0,0,2007.0,2007.0,,2040,41.2977,-0.3376,,
771,Escombreras Iberdrola power station,Natural Gas,CCGT,PP,ES,816.0,0.55,0.0,0,0,0,2006.0,2006.0,,2040,37.5647,-0.95132,,
772,Figuruelas power station,Natural Gas,CCGT,PP,ES,21.0,0.5,0.0,0,0,0,1993.0,1993.0,,2040,41.75202,-1.18021,,
773,Mlaga power station,Natural Gas,CCGT,PP,ES,416.0,0.55,0.0,0,0,0,2009.0,2009.0,,2040,36.7495,-4.5631,,
774,Palos power station,Natural Gas,CCGT,PP,ES,387.0,0.55,0.0,0,0,0,2004.0,2004.0,,2040,37.18448,-6.89279,,
775,Palos power station,Natural Gas,CCGT,PP,ES,389.0,0.55,0.0,0,0,0,2005.0,2005.0,,2040,37.18448,-6.89279,,
776,Palos power station,Natural Gas,CCGT,PP,ES,391.0,0.55,0.0,0,0,0,2005.0,2005.0,,2040,37.18448,-6.89279,,
777,Plana del Vent power station,Natural Gas,CCGT,PP,ES,420.0,0.55,0.0,0,0,0,2007.0,2007.0,,2040,40.9596,0.8692,,
778,Plana del Vent power station,Natural Gas,CCGT,PP,ES,414.0,0.55,0.0,0,0,0,2007.0,2007.0,,2040,40.9596,0.8692,,
779,Puerto De Barcelona power station,Natural Gas,CCGT,PP,ES,435.0,0.55,0.0,0,0,0,2011.0,2011.0,,2040,41.3366,2.1594,,
780,Puerto De Barcelona power station,Natural Gas,CCGT,PP,ES,431.0,0.55,0.0,0,0,0,2011.0,2011.0,,2040,41.3366,2.1594,,
781,Rossello Mill power station,Natural Gas,OCGT,PP,ES,23.0,0.35,0.0,0,0,0,1998.0,1998.0,,2040,41.6942,0.59499,,
782,Sabn 3 power station,Natural Gas,CCGT,PP,ES,391.0,0.55,0.0,0,0,0,2008.0,2008.0,,2040,43.329,-8.503,,
783,Sagunto power station,Natural Gas,CCGT,PP,ES,410.0,0.55,0.0,0,0,0,2007.0,2007.0,,2040,39.64248,-0.23321,,
784,Sagunto power station,Natural Gas,CCGT,PP,ES,412.0,0.55,0.0,0,0,0,2007.0,2007.0,,2040,39.64248,-0.23321,,
785,Sagunto power station,Natural Gas,CCGT,PP,ES,411.0,0.55,0.0,0,0,0,2007.0,2007.0,,2040,39.64248,-0.23321,,
786,San Roque 1 power station,Natural Gas,CCGT,PP,ES,390.0,0.55,0.0,0,0,0,2002.0,2002.0,,2040,36.19564,-5.41363,,
787,San Roque 2 power station,Natural Gas,CCGT,PP,ES,402.0,0.55,0.0,0,0,0,2002.0,2002.0,,2040,36.19564,-5.41363,,
788,Santurce power station,Natural Gas,CCGT,PP,ES,396.0,0.55,0.0,0,0,0,2005.0,2005.0,,2040,43.34,-3.0539,,
789,Son Reus power station,Natural Gas,CCGT,PP,ES,233.0,0.55,0.0,0,0,0,2001.0,2001.0,,2040,39.64832,2.68081,,
790,Son Reus power station,Natural Gas,CCGT,PP,ES,226.0,0.55,0.0,0,0,0,2005.0,2005.0,,2040,39.64832,2.68081,,
791,Soto de Ribera power station,Natural Gas,CCGT,PP,ES,426.0,0.55,0.0,0,0,0,2008.0,2008.0,,2040,43.3161,-5.8777,,
792,Soto de Ribera power station,Natural Gas,CCGT,PP,ES,428.0,0.55,0.0,0,0,0,2011.0,2011.0,,2040,43.3161,-5.8777,,
793,Baha de Bizkaia power station,Natural Gas,CCGT,PP,ES,785.0,0.55,0.0,0,0,0,2003.0,2003.0,,2040,43.35904,-3.09211,,
794,Termini Imerese power station,Natural Gas,OCGT,PP,IT,118.0,0.35,0.0,0,0,0,2024.0,2024.0,,2040,37.96801,13.75079,,
795,Termini Imerese power station,Natural Gas,OCGT,PP,IT,118.0,0.35,0.0,0,0,0,2024.0,2024.0,,2040,37.96801,13.75079,,
796,Hammerfest Snohvit Terminal power station,Natural Gas,CCGT,PP,NO,229.0,0.55,0.0,0,0,0,2007.0,2007.0,,2040,70.6854,23.59,,
797,Beleolico,offwind-ac,Offshore ,PP,IT,30.0,,0.0,0,0,0,2022.0,2022.0,,2050,40.4667,17.1833,,
